id,title,description,category,difficulty,modules_json,quiz_json,xp_reward,order_index,created_at,branch
1f188cfc-e685-4180-bb44-447554de3573,How Your Brain Processes Information,Understanding the fundamentals of cognitive processing,logic,1,"[{""type"": ""text"", ""title"": ""Introduction"", ""content"": ""Your brain processes billions of pieces of information every second. But how does it decide what to focus on?""}, {""type"": ""text"", ""title"": ""The Bottleneck"", ""content"": ""Despite its power, your brain can only consciously process about 40-50 bits per second. This is called the attentional bottleneck.""}, {""type"": ""text"", ""title"": ""Dual Processing"", ""content"": ""System 1 (fast, automatic) handles most tasks. System 2 (slow, deliberate) kicks in for complex problems. IQ tests primarily measure System 2.""}, {""type"": ""text"", ""title"": ""Key Takeaway"", ""content"": ""Training your brain to efficiently switch between systems is key to improving cognitive performance.""}]","[{""type"": ""multiple_choice"", ""correct"": 1, ""options"": [""Millions"", ""40-50"", ""Thousands"", ""1-2""], ""question"": ""How many bits per second can your brain consciously process?""}, {""type"": ""true_false"", ""correct"": false, ""question"": ""System 1 thinking is slow and deliberate.""}, {""type"": ""multiple_choice"", ""correct"": 1, ""options"": [""A physical brain structure"", ""The limit on conscious processing"", ""A memory technique"", ""A type of neuron""], ""question"": ""What is the attentional bottleneck?""}]",40,1,2026-02-16 11:32:17.524446+00,iq
2d7c8f39-b0ca-428f-a745-068f065adf04,Pattern Recognition Fundamentals,Learn how your brain detects and uses patterns,pattern,1,"[{""type"": ""text"", ""title"": ""Patterns Everywhere"", ""content"": ""Pattern recognition is one of the most fundamental cognitive abilities. It allows us to predict, plan, and understand the world.""}, {""type"": ""text"", ""title"": ""Types of Patterns"", ""content"": ""Visual patterns (shapes, colors), auditory patterns (music, speech), numerical patterns (sequences), and abstract patterns (rules, relationships).""}, {""type"": ""text"", ""title"": ""The Pattern Engine"", ""content"": ""Your brain's pattern recognition is so powerful it sometimes sees patterns that don't exist—this is called apophenia.""}, {""type"": ""text"", ""title"": ""Training Tips"", ""content"": ""Practice with matrix puzzles and sequence problems to strengthen your pattern recognition circuits.""}]","[{""type"": ""multiple_choice"", ""correct"": 1, ""options"": [""A brain disease"", ""Seeing patterns that don't exist"", ""Perfect pattern recognition"", ""Memory loss""], ""question"": ""What is apophenia?""}, {""type"": ""true_false"", ""correct"": false, ""question"": ""Pattern recognition only works with visual information.""}, {""type"": ""multiple_choice"", ""correct"": 1, ""options"": [""Reading novels"", ""Matrix puzzles"", ""Physical exercise"", ""Sleeping""], ""question"": ""Which activity best trains pattern recognition?""}]",40,2,2026-02-16 11:32:17.524446+00,iq
d1fa479c-6ed0-4a87-8db9-698ac495e348,Working Memory: Your Mental Workspace,Understand and improve your working memory,memory,2,"[{""type"": ""text"", ""title"": ""What is Working Memory?"", ""content"": ""Working memory is your brain's 'mental scratchpad'—it holds and manipulates information for short periods while you use it.""}, {""type"": ""text"", ""title"": ""Capacity Limits"", ""content"": ""Most people can hold 4±1 items in working memory at once (updated from Miller's classic 7±2). This is called your working memory span.""}, {""type"": ""text"", ""title"": ""Chunking"", ""content"": ""You can expand effective capacity by 'chunking'—grouping items into meaningful units. Phone numbers are chunked: 555-867-5309 is 3 chunks, not 10 digits.""}, {""type"": ""text"", ""title"": ""Improving Working Memory"", ""content"": ""N-back tasks, dual tasks, and strategic rehearsal can improve working memory capacity over time.""}]","[{""type"": ""multiple_choice"", ""correct"": 1, ""options"": [""1-2"", ""4±1"", ""10-12"", ""Unlimited""], ""question"": ""How many items can most people hold in working memory?""}, {""type"": ""true_false"", ""correct"": false, ""question"": ""Chunking reduces the total amount of information.""}, {""type"": ""multiple_choice"", ""correct"": 1, ""options"": [""A filing cabinet"", ""A mental scratchpad"", ""A camera"", ""A calculator""], ""question"": ""What is working memory best compared to?""}]",40,3,2026-02-16 11:32:17.524446+00,iq
5544571e-7992-4d33-8fb9-ba2d96ac6336,Spatial Reasoning and Mental Rotation,Master the art of thinking in 3D,spatial,2,"[{""type"": ""text"", ""title"": ""Thinking in Space"", ""content"": ""Spatial reasoning is your ability to understand and manipulate shapes, spaces, and the relationships between objects in your mind.""}, {""type"": ""text"", ""title"": ""Mental Rotation"", ""content"": ""Mental rotation—imagining how objects look when turned—is one of the strongest predictors of STEM success. It's also highly trainable.""}, {""type"": ""text"", ""title"": ""Real-World Applications"", ""content"": ""Surgeons, architects, engineers, and artists all rely heavily on spatial reasoning. It's used in everything from parking a car to reading a map.""}, {""type"": ""text"", ""title"": ""Training Strategy"", ""content"": ""Practice with rotation puzzles, play 3D games like Tetris, and try mentally rotating everyday objects.""}]","[{""type"": ""true_false"", ""correct"": false, ""question"": ""Mental rotation ability is fixed and cannot be improved.""}, {""type"": ""multiple_choice"", ""correct"": 1, ""options"": [""Accountant"", ""Surgeon"", ""Writer"", ""Lawyer""], ""question"": ""Which profession relies heavily on spatial reasoning?""}, {""type"": ""multiple_choice"", ""correct"": 1, ""options"": [""Only 2D shapes"", ""Shapes and their relationships in space"", ""Only mathematical formulas"", ""Only visual art""], ""question"": ""Spatial reasoning involves understanding:""}]",40,4,2026-02-16 11:32:17.524446+00,iq
28f9dd7d-b467-437e-ba64-ffda48d593d8,The Science of Processing Speed,Why speed matters in cognition,speed,2,"[{""type"": ""text"", ""title"": ""Mental Speed"", ""content"": ""Processing speed is how quickly you can take in information, make sense of it, and respond. It's a foundational cognitive ability.""}, {""type"": ""text"", ""title"": ""Speed vs Accuracy"", ""content"": ""There's a fundamental trade-off: going faster often means more errors. The goal is to find the optimal balance for each situation.""}, {""type"": ""text"", ""title"": ""What Affects Speed?"", ""content"": ""Myelination (nerve insulation), neural efficiency, practice/automaticity, sleep, and attention all affect processing speed.""}, {""type"": ""text"", ""title"": ""Speed Training"", ""content"": ""Timed puzzles, rapid-fire quizzes, and reaction time games can all improve processing speed.""}]","[{""type"": ""multiple_choice"", ""correct"": 1, ""options"": [""Only physical reaction time"", ""Taking in and responding to information quickly"", ""Reading speed only"", ""Typing speed""], ""question"": ""Processing speed involves:""}, {""type"": ""true_false"", ""correct"": false, ""question"": ""Going faster always improves performance.""}, {""type"": ""multiple_choice"", ""correct"": 2, ""options"": [""Sleep"", ""Myelination"", ""Hair color"", ""Practice""], ""question"": ""Which factor does NOT affect processing speed?""}]",40,5,2026-02-16 11:32:17.524446+00,iq
4a4f4881-7c4c-4914-82e9-9cc75826e2ae,Logical Reasoning: Deduction vs Induction,Master two types of logical thinking,logic,2,"[{""type"": ""text"", ""title"": ""Two Types of Logic"", ""content"": ""Deductive reasoning goes from general rules to specific conclusions. Inductive reasoning goes from specific observations to general rules.""}, {""type"": ""text"", ""title"": ""Deduction in Action"", ""content"": ""All mammals breathe air. Dogs are mammals. Therefore, dogs breathe air. If the premises are true, the conclusion MUST be true.""}, {""type"": ""text"", ""title"": ""Induction in Action"", ""content"": ""Every swan I've seen is white. Therefore, all swans are white. Inductive conclusions are probable but not guaranteed (black swans exist!).""}, {""type"": ""text"", ""title"": ""Strengthening Both"", ""content"": ""Logic puzzles train deduction. Pattern recognition and data analysis train induction. Both are essential for high-level thinking.""}]","[{""type"": ""multiple_choice"", ""correct"": 1, ""options"": [""Specific to general"", ""General to specific"", ""Random to organized"", ""Simple to complex""], ""question"": ""Deductive reasoning goes from:""}, {""type"": ""true_false"", ""correct"": false, ""question"": ""Inductive conclusions are always 100% certain.""}, {""type"": ""multiple_choice"", ""correct"": 1, ""options"": [""Memorization"", ""Logic puzzles"", ""Physical exercise"", ""Social interaction""], ""question"": ""Which trains deductive reasoning best?""}]",40,6,2026-02-16 11:32:17.524446+00,iq
b2788cec-6e0f-4251-a317-bb995e24f806,Attention and Focus: The Spotlight Model,How attention works and how to improve it,logic,3,"[{""type"": ""text"", ""title"": ""The Spotlight"", ""content"": ""Attention works like a spotlight—it illuminates certain information while leaving the rest in darkness. You can narrow the beam (focus) or widen it (diffuse attention).""}, {""type"": ""text"", ""title"": ""Selective Attention"", ""content"": ""The cocktail party effect: you can focus on one conversation in a noisy room. Your brain filters irrelevant information automatically—but imperfectly.""}, {""type"": ""text"", ""title"": ""Sustained Attention"", ""content"": ""Most people can sustain deep focus for about 20-25 minutes before needing a break. The Pomodoro technique leverages this natural cycle.""}, {""type"": ""text"", ""title"": ""Improving Attention"", ""content"": ""Meditation, single-tasking (not multitasking), adequate sleep, and progressive focus training all strengthen attention.""}]","[{""type"": ""multiple_choice"", ""correct"": 1, ""options"": [""Memory storage"", ""How attention focuses on information"", ""Visual processing"", ""Language comprehension""], ""question"": ""The spotlight model describes:""}, {""type"": ""true_false"", ""correct"": false, ""question"": ""Multitasking improves attention.""}, {""type"": ""multiple_choice"", ""correct"": 1, ""options"": [""5 minutes"", ""20-25 minutes"", ""2 hours"", ""8 hours""], ""question"": ""How long can most people sustain deep focus?""}]",45,7,2026-02-16 11:32:17.524446+00,iq
1540b37b-39de-4e84-bc20-1f358d8da1d0,Fluid vs Crystallized Intelligence,Understanding the two faces of intelligence,logic,3,"[{""type"": ""text"", ""title"": ""Two Types of Intelligence"", ""content"": ""Fluid intelligence (Gf) is your ability to solve novel problems without prior knowledge. Crystallized intelligence (Gc) is your accumulated knowledge and skills.""}, {""type"": ""text"", ""title"": ""Fluid Intelligence"", ""content"": ""Gf peaks in your mid-20s and gradually declines. It's what IQ tests primarily measure—pattern recognition, abstract reasoning, problem-solving.""}, {""type"": ""text"", ""title"": ""Crystallized Intelligence"", ""content"": ""Gc continues to grow throughout life. Vocabulary, expertise, and wisdom all increase with age and experience.""}, {""type"": ""text"", ""title"": ""The Good News"", ""content"": ""While Gf naturally declines with age, training and cognitive engagement can slow this decline significantly. Use it or lose it!""}]","[{""type"": ""multiple_choice"", ""correct"": 1, ""options"": [""Vocabulary knowledge"", ""Solving novel problems"", ""Physical coordination"", ""Social skills""], ""question"": ""Fluid intelligence primarily involves:""}, {""type"": ""true_false"", ""correct"": false, ""question"": ""Crystallized intelligence declines with age.""}, {""type"": ""multiple_choice"", ""correct"": 2, ""options"": [""Crystallized intelligence"", ""Emotional intelligence"", ""Fluid intelligence"", ""Musical intelligence""], ""question"": ""IQ tests primarily measure:""}]",45,8,2026-02-16 11:32:17.524446+00,iq
3dd96e07-829f-465a-ac8c-3fd226f81be8,Memory Techniques: Mnemonics and Method of Loci,Ancient memory techniques that still work,memory,3,"[{""type"": ""text"", ""title"": ""Memory Palace"", ""content"": ""The Method of Loci (Memory Palace) is a 2,500-year-old technique. You place items to remember at specific locations in a familiar place, then mentally walk through to recall them.""}, {""type"": ""text"", ""title"": ""How It Works"", ""content"": ""Your spatial memory is incredibly powerful. By linking abstract information to physical locations, you leverage this strength.""}, {""type"": ""text"", ""title"": ""Other Mnemonics"", ""content"": ""Acronyms (ROY G BIV), rhymes, chunking, and the peg system all exploit your brain's preference for patterns and associations.""}, {""type"": ""text"", ""title"": ""Building Your Palace"", ""content"": ""Start with a familiar route (your home, walk to work). Place 10 items. Make images vivid, unusual, and emotional for stronger encoding.""}]","[{""type"": ""multiple_choice"", ""correct"": 2, ""options"": [""100 years"", ""500 years"", ""2,500 years"", ""50 years""], ""question"": ""The Method of Loci dates back approximately:""}, {""type"": ""true_false"", ""correct"": true, ""question"": ""The Method of Loci primarily leverages spatial memory.""}, {""type"": ""multiple_choice"", ""correct"": 1, ""options"": [""Plain and simple"", ""Vivid and unusual"", ""Black and white"", ""Text-based""], ""question"": ""For best results, mental images should be:""}]",45,9,2026-02-16 11:32:17.524446+00,iq
81e5f7dc-825d-4c19-a50d-9440193cfd1d,Decision Making Under Uncertainty,How to think clearly when you don't have all the facts,logic,3,"[{""type"": ""text"", ""title"": ""Uncertain World"", ""content"": ""Most real-world decisions involve uncertainty. Your brain uses mental shortcuts (heuristics) to cope—sometimes well, sometimes poorly.""}, {""type"": ""text"", ""title"": ""Common Biases"", ""content"": ""Anchoring (over-relying on first information), confirmation bias (seeking info that confirms beliefs), availability bias (judging by easily recalled examples).""}, {""type"": ""text"", ""title"": ""Bayesian Thinking"", ""content"": ""Update your beliefs based on new evidence. Start with a prior probability, then adjust as you learn more. This is how rational decision-makers think.""}, {""type"": ""text"", ""title"": ""Better Decisions"", ""content"": ""Consider the opposite, think in probabilities not certainties, and use pre-mortems (imagine failure, then work backward to prevent it).""}]","[{""type"": ""multiple_choice"", ""correct"": 1, ""options"": [""Always accurate"", ""Mental shortcuts"", ""A type of memory"", ""Mathematical formulas""], ""question"": ""Heuristics are:""}, {""type"": ""true_false"", ""correct"": false, ""question"": ""Confirmation bias means seeking information that challenges your beliefs.""}, {""type"": ""multiple_choice"", ""correct"": 1, ""options"": [""Ignoring new evidence"", ""Updating beliefs with new evidence"", ""Always trusting first impressions"", ""Avoiding decisions""], ""question"": ""Bayesian thinking involves:""}]",45,10,2026-02-16 11:32:17.524446+00,iq
ae87a3e2-0993-4cbc-9371-a7144266edf1,Visual Perception and Illusions,Why your eyes deceive you,spatial,2,"[{""type"": ""text"", ""title"": ""Seeing Isn't Believing"", ""content"": ""Your brain doesn't passively record what your eyes see. It actively constructs a visual experience, filling in gaps and making assumptions.""}, {""type"": ""text"", ""title"": ""Constructive Perception"", ""content"": ""Your brain processes visual input through multiple stages: edge detection, color processing, motion detection, object recognition, and scene understanding.""}, {""type"": ""text"", ""title"": ""Why Illusions Work"", ""content"": ""Optical illusions exploit the shortcuts your brain uses. They reveal the 'assumptions' your visual system makes—usually helpful but occasionally wrong.""}, {""type"": ""text"", ""title"": ""Training Visual Processing"", ""content"": ""Spatial puzzles, visual illusion analysis, and attention training all sharpen your visual processing abilities.""}]","[{""type"": ""true_false"", ""correct"": false, ""question"": ""Your brain passively records visual information.""}, {""type"": ""multiple_choice"", ""correct"": 1, ""options"": [""Eye muscles"", ""Brain's visual shortcuts"", ""Light waves"", ""Color blindness""], ""question"": ""Optical illusions exploit:""}, {""type"": ""multiple_choice"", ""correct"": 1, ""options"": [""Only one stage"", ""Multiple stages from edges to scenes"", ""Only color detection"", ""Only motion detection""], ""question"": ""Visual processing involves:""}]",40,11,2026-02-16 11:32:17.524446+00,iq
069c773d-6d68-4061-9c9f-2b9753ef207c,The Growth Mindset and Intelligence,Can you actually get smarter?,logic,1,"[{""type"": ""text"", ""title"": ""Fixed vs Growth"", ""content"": ""Carol Dweck's research shows that believing intelligence is fixed vs. growable fundamentally changes how you learn and perform.""}, {""type"": ""text"", ""title"": ""Neuroplasticity"", ""content"": ""Your brain physically changes when you learn. New connections form, existing ones strengthen, and unused ones are pruned. This is neuroplasticity.""}, {""type"": ""text"", ""title"": ""The Evidence"", ""content"": ""Targeted cognitive training can improve working memory, processing speed, and even fluid intelligence scores. The brain is more malleable than we thought.""}, {""type"": ""text"", ""title"": ""Practical Application"", ""content"": ""Embrace challenges, learn from mistakes, and practice deliberately. Your BrainScore isn't fixed—it reflects your current training level.""}]","[{""type"": ""multiple_choice"", ""correct"": 1, ""options"": [""The brain can't change"", ""The brain physically changes with learning"", ""Intelligence is fixed"", ""Only children's brains change""], ""question"": ""Neuroplasticity means:""}, {""type"": ""true_false"", ""correct"": false, ""question"": ""A growth mindset believes intelligence is fixed at birth.""}, {""type"": ""multiple_choice"", ""correct"": 1, ""options"": [""Only memory"", ""Working memory and processing speed"", ""Only physical abilities"", ""Nothing measurable""], ""question"": ""Cognitive training can improve:""}]",35,12,2026-02-16 11:32:17.524446+00,iq
92e6a595-a98b-4db7-bd21-55a6cbb43145,Analogical Reasoning,The power of thinking by analogy,logic,3,"[{""type"": ""text"", ""title"": ""What Are Analogies?"", ""content"": ""Analogical reasoning finds similarities between different domains. 'The atom is like a solar system' helped scientists understand atomic structure.""}, {""type"": ""text"", ""title"": ""Structure Mapping"", ""content"": ""Good analogies map relationships, not surface features. 'A battery is like a water pump' works because both create flow through pressure/voltage.""}, {""type"": ""text"", ""title"": ""Analogies in Problem Solving"", ""content"": ""When stuck on a problem, find an analogous solved problem. Transfer the solution strategy. This is how many breakthroughs happen.""}, {""type"": ""text"", ""title"": ""Building Analogy Skills"", ""content"": ""Practice A:B::C:? problems, look for structural similarities across domains, and explain complex ideas using everyday analogies.""}]","[{""type"": ""multiple_choice"", ""correct"": 2, ""options"": [""Surface features"", ""Colors and shapes"", ""Relationships and structure"", ""Exact copies""], ""question"": ""Good analogies map:""}, {""type"": ""true_false"", ""correct"": false, ""question"": ""Analogical reasoning is only useful in science.""}, {""type"": ""multiple_choice"", ""correct"": 1, ""options"": [""Give up"", ""Find a similar solved problem"", ""Try harder"", ""Ask someone else""], ""question"": ""When stuck on a problem, analogical reasoning suggests:""}]",45,13,2026-02-16 11:32:17.524446+00,iq
b80a97b4-041c-4bfc-8ba9-54b2484c84e3,Cognitive Load Theory,Why less is more in learning,logic,3,"[{""type"": ""text"", ""title"": ""Mental Bandwidth"", ""content"": ""Cognitive load theory says your working memory has limited capacity. Overloading it prevents learning and performance.""}, {""type"": ""text"", ""title"": ""Three Types of Load"", ""content"": ""Intrinsic load (complexity of material), extraneous load (poor presentation), and germane load (effort of learning itself). Minimize extraneous, manage intrinsic.""}, {""type"": ""text"", ""title"": ""The Split-Attention Effect"", ""content"": ""When information is split across locations (like a diagram and separate text), your brain wastes capacity integrating them. Integrated designs work better.""}, {""type"": ""text"", ""title"": ""Practical Strategies"", ""content"": ""Break complex problems into parts, eliminate distractions, use worked examples, and build knowledge gradually from simple to complex.""}]","[{""type"": ""multiple_choice"", ""correct"": 1, ""options"": [""Physical strength"", ""Working memory limits"", ""Long-term memory"", ""Sleep quality""], ""question"": ""Cognitive load theory relates to:""}, {""type"": ""true_false"", ""correct"": false, ""question"": ""Extraneous cognitive load is beneficial for learning.""}, {""type"": ""multiple_choice"", ""correct"": 1, ""options"": [""You focus too hard"", ""Information is split across locations"", ""You learn too fast"", ""You take breaks""], ""question"": ""The split-attention effect occurs when:""}]",45,14,2026-02-16 11:32:17.524446+00,iq
1b9536a2-0ab4-4144-bf0f-f0c486751e01,Number Sense and Mathematical Thinking,Building intuition with numbers,pattern,2,"[{""type"": ""text"", ""title"": ""Born with Number Sense"", ""content"": ""Humans (and many animals) have an innate sense of quantity. We can instantly perceive small quantities (1-4) through 'subitizing'—no counting needed.""}, {""type"": ""text"", ""title"": ""Mental Number Line"", ""content"": ""Your brain represents numbers spatially, usually as a line going left to right. This mental number line helps with estimation and comparison.""}, {""type"": ""text"", ""title"": ""Estimation Power"", ""content"": ""Fermi estimation—making reasonable guesses about quantities you can't count—is a powerful real-world skill. How many piano tuners are in Chicago?""}, {""type"": ""text"", ""title"": ""Strengthening Number Sense"", ""content"": ""Practice mental math, play with number sequences, estimate before calculating, and look for numerical patterns in everyday life.""}]","[{""type"": ""multiple_choice"", ""correct"": 1, ""options"": [""Counting quickly"", ""Instantly perceiving small quantities"", ""A math formula"", ""A type of calculator""], ""question"": ""Subitizing is:""}, {""type"": ""true_false"", ""correct"": false, ""question"": ""The mental number line runs right to left for most people.""}, {""type"": ""multiple_choice"", ""correct"": 1, ""options"": [""Exact calculations"", ""Reasonable guesses about quantities"", ""Using a calculator"", ""Memorizing numbers""], ""question"": ""Fermi estimation involves:""}]",40,15,2026-02-16 11:32:17.524446+00,iq
52491863-6e17-4460-a854-cb7560bb01e8,Creative Problem Solving,Think outside the box—literally,logic,3,"[{""type"": ""text"", ""title"": ""What Is Creativity?"", ""content"": ""Creativity isn't magic—it's the ability to make novel and useful connections. It involves divergent thinking (generating many ideas) and convergent thinking (selecting the best).""}, {""type"": ""text"", ""title"": ""Functional Fixedness"", ""content"": ""We tend to see objects only in terms of their usual function. A hammer is for nails—but it's also a weight, a lever, a pendulum... Breaking this fixedness enables creativity.""}, {""type"": ""text"", ""title"": ""Incubation Effect"", ""content"": ""Sometimes the best way to solve a problem is to stop thinking about it. Your unconscious mind continues working, and solutions often appear during rest or unrelated activities.""}, {""type"": ""text"", ""title"": ""Techniques"", ""content"": ""SCAMPER (Substitute, Combine, Adapt, Modify, Put to other use, Eliminate, Reverse), brainstorming, random association, and constraint removal all boost creativity.""}]","[{""type"": ""multiple_choice"", ""correct"": 2, ""options"": [""Only divergent thinking"", ""Only convergent thinking"", ""Both divergent and convergent thinking"", ""Neither type of thinking""], ""question"": ""Creativity involves:""}, {""type"": ""true_false"", ""correct"": false, ""question"": ""Functional fixedness helps creative problem solving.""}, {""type"": ""multiple_choice"", ""correct"": 1, ""options"": [""Work harder"", ""Take breaks to let solutions emerge"", ""Never stop thinking"", ""Only work in the morning""], ""question"": ""The incubation effect suggests:""}]",45,16,2026-02-16 11:32:17.524446+00,iq
62ef881b-c4c2-403c-acee-c579d5f32d26,Metacognition: Thinking About Thinking,The ultimate cognitive skill,logic,4,"[{""type"": ""text"", ""title"": ""Meta-What?"", ""content"": ""Metacognition is awareness and control of your own thinking processes. It's 'thinking about thinking'—and it's one of the strongest predictors of learning success.""}, {""type"": ""text"", ""title"": ""Two Components"", ""content"": ""Metacognitive knowledge (knowing your strengths/weaknesses) and metacognitive regulation (planning, monitoring, and evaluating your own performance).""}, {""type"": ""text"", ""title"": ""The Dunning-Kruger Effect"", ""content"": ""Poor metacognition leads to the Dunning-Kruger effect: low performers overestimate their abilities because they lack the skill to recognize their deficits.""}, {""type"": ""text"", ""title"": ""Developing Metacognition"", ""content"": ""Reflect after each activity: What worked? What didn't? What would you do differently? This simple practice dramatically improves learning.""}]","[{""type"": ""multiple_choice"", ""correct"": 1, ""options"": [""A type of memory"", ""Thinking about thinking"", ""Physical exercise"", ""A learning disability""], ""question"": ""Metacognition is:""}, {""type"": ""true_false"", ""correct"": true, ""question"": ""The Dunning-Kruger effect involves overestimating one's abilities.""}, {""type"": ""multiple_choice"", ""correct"": 1, ""options"": [""Only planning"", ""Planning, monitoring, and evaluating"", ""Only memorizing"", ""Physical training""], ""question"": ""Metacognitive regulation includes:""}]",50,17,2026-02-16 11:32:17.524446+00,iq
61c4d744-872f-4adc-83c1-c26b421424fc,The Psychology of Expertise,What separates experts from novices?,logic,4,"[{""type"": ""text"", ""title"": ""Deliberate Practice"", ""content"": ""Expert performance comes from deliberate practice—focused, effortful training that targets weaknesses. Not just repetition, but purposeful improvement.""}, {""type"": ""text"", ""title"": ""Chunking in Expertise"", ""content"": ""Chess masters don't see 32 pieces—they see meaningful patterns (chunks). Experts in any field perceive larger, more meaningful units than novices.""}, {""type"": ""text"", ""title"": ""The 10,000 Hour Myth"", ""content"": ""The '10,000 hour rule' is an oversimplification. Quality of practice matters more than quantity. Some reach expertise faster, others never do despite long practice.""}, {""type"": ""text"", ""title"": ""Transferable Skills"", ""content"": ""While expertise is domain-specific, the metacognitive skills developed through deliberate practice DO transfer across domains.""}]","[{""type"": ""multiple_choice"", ""correct"": 1, ""options"": [""Casual repetition"", ""Focused effort targeting weaknesses"", ""Long hours of easy practice"", ""Group activities""], ""question"": ""Deliberate practice is characterized by:""}, {""type"": ""true_false"", ""correct"": false, ""question"": ""The 10,000 hour rule is a precise scientific law.""}, {""type"": ""multiple_choice"", ""correct"": 1, ""options"": [""They have better eyes"", ""They see meaningful patterns/chunks"", ""They read faster"", ""They have more neurons""], ""question"": ""Experts perceive information differently because:""}]",50,18,2026-02-16 11:32:17.524446+00,iq
05edd183-991b-46eb-8ac9-a3bae9237243,Emotional Intelligence and Cognition,How emotions affect thinking,logic,2,"[{""type"": ""text"", ""title"": ""Emotions and Thinking"", ""content"": ""Emotions aren't separate from thinking—they deeply influence cognitive performance. Anxiety narrows attention, positive mood broadens it.""}, {""type"": ""text"", ""title"": ""The Yerkes-Dodson Law"", ""content"": ""Performance improves with arousal up to a point, then declines. Moderate stress helps; too much or too little hurts. Find your optimal zone.""}, {""type"": ""text"", ""title"": ""Emotional Regulation"", ""content"": ""The ability to manage your emotional state is itself a cognitive skill. Reappraisal (reframing situations) is more effective than suppression.""}, {""type"": ""text"", ""title"": ""Practical Application"", ""content"": ""Before cognitive tasks: manage anxiety through breathing, reframe challenges as opportunities, and maintain moderate engagement.""}]","[{""type"": ""multiple_choice"", ""correct"": 1, ""options"": [""More stress always helps"", ""Moderate arousal is optimal"", ""Emotions don't affect thinking"", ""Only positive emotions help""], ""question"": ""The Yerkes-Dodson Law suggests:""}, {""type"": ""true_false"", ""correct"": false, ""question"": ""Suppressing emotions is the most effective regulation strategy.""}, {""type"": ""multiple_choice"", ""correct"": 1, ""options"": [""Broaden attention"", ""Narrow attention"", ""Have no effect"", ""Improve memory""], ""question"": ""Anxiety tends to:""}]",40,19,2026-02-16 11:32:17.524446+00,iq
70829fce-f8c0-4577-a7db-6fb50cae8ec6,Abstract Reasoning and Categorization,How we organize the world mentally,pattern,3,"[{""type"": ""text"", ""title"": ""Categories and Concepts"", ""content"": ""Your brain automatically groups things into categories. This allows you to make predictions: if it's a bird, it probably flies. Categories enable efficient thinking.""}, {""type"": ""text"", ""title"": ""Prototype Theory"", ""content"": ""Categories are organized around prototypes—the most typical example. A robin is a more prototypical bird than a penguin. Judgments are faster for prototypical members.""}, {""type"": ""text"", ""title"": ""Abstract Rules"", ""content"": ""Higher-level thinking involves extracting rules that apply across categories. 'All X have property Y' is an abstract rule. IQ tests measure this ability heavily.""}, {""type"": ""text"", ""title"": ""Training Abstraction"", ""content"": ""Practice finding common rules across different puzzle types. What do matrix puzzles and sequence puzzles have in common? Both require extracting transformation rules.""}]","[{""type"": ""multiple_choice"", ""correct"": 1, ""options"": [""Forget information"", ""Make predictions efficiently"", ""Slow down thinking"", ""Only organize physical objects""], ""question"": ""Categories help us:""}, {""type"": ""true_false"", ""correct"": false, ""question"": ""All members of a category are equally representative.""}, {""type"": ""multiple_choice"", ""correct"": 1, ""options"": [""Memorizing facts"", ""Extracting rules across categories"", ""Only visual thinking"", ""Physical manipulation""], ""question"": ""Abstract reasoning involves:""}]",45,20,2026-02-16 11:32:17.524446+00,iq
9bf3f818-fb4a-4cb5-92bf-97da355cc4b9,Speed-Accuracy Trade-offs,Finding the sweet spot,speed,3,"[{""type"": ""text"", ""title"": ""The Fundamental Trade-off"", ""content"": ""In nearly every cognitive task, going faster means making more errors. Going slower means higher accuracy but takes more time. This is the speed-accuracy trade-off.""}, {""type"": ""text"", ""title"": ""Optimal Thresholds"", ""content"": ""Your brain accumulates evidence before deciding. Setting a higher threshold = more accurate but slower. Lower threshold = faster but more errors.""}, {""type"": ""text"", ""title"": ""Context Matters"", ""content"": ""Emergency: prioritize speed. Exam: prioritize accuracy. Chess: mix both. The optimal strategy depends on the consequences of errors vs. delays.""}, {""type"": ""text"", ""title"": ""Training Both"", ""content"": ""Practice timed puzzles to improve speed. Practice untimed puzzles to improve accuracy. Gradually combine both for optimal performance.""}]","[{""type"": ""multiple_choice"", ""correct"": 1, ""options"": [""Faster is always better"", ""There's a balance between speed and accuracy"", ""Accuracy doesn't matter"", ""Speed and accuracy always improve together""], ""question"": ""The speed-accuracy trade-off means:""}, {""type"": ""true_false"", ""correct"": false, ""question"": ""The optimal strategy is always to prioritize accuracy.""}, {""type"": ""multiple_choice"", ""correct"": 2, ""options"": [""Only speed"", ""Only accuracy"", ""Both speed and accuracy"", ""Neither""], ""question"": ""Evidence accumulation affects:""}]",45,21,2026-02-16 11:32:17.524446+00,iq
555e1fdd-519a-4a9b-a9bb-99cf2e4d7182,Verbal Reasoning and Language,The cognitive power of words,verbal,2,"[{""type"": ""text"", ""title"": ""Language and Thought"", ""content"": ""Language doesn't just express thought—it shapes it. The Sapir-Whorf hypothesis suggests the language you speak influences how you perceive the world.""}, {""type"": ""text"", ""title"": ""Verbal Reasoning"", ""content"": ""Verbal reasoning involves understanding relationships between words, drawing inferences from text, and evaluating arguments. It's essential for critical thinking.""}, {""type"": ""text"", ""title"": ""Word Knowledge"", ""content"": ""Vocabulary size correlates strongly with general intelligence. Each new word isn't just a label—it's a new concept your brain can use to think with.""}, {""type"": ""text"", ""title"": ""Strengthening Verbal Skills"", ""content"": ""Read widely, learn word roots (Latin/Greek), practice analogies, and engage in debates or discussions that require precise language.""}]","[{""type"": ""multiple_choice"", ""correct"": 1, ""options"": [""Language has no effect on thought"", ""Language shapes perception and thought"", ""Only math affects thinking"", ""Thought shapes language but not vice versa""], ""question"": ""The Sapir-Whorf hypothesis suggests:""}, {""type"": ""true_false"", ""correct"": false, ""question"": ""Vocabulary size has no correlation with intelligence.""}, {""type"": ""multiple_choice"", ""correct"": 1, ""options"": [""Only reading speed"", ""Understanding word relationships and evaluating arguments"", ""Only writing ability"", ""Only speaking fluency""], ""question"": ""Verbal reasoning involves:""}]",40,22,2026-02-16 11:32:17.524446+00,iq
bb4cea4e-379c-482e-aa09-add31897c6ba,Cognitive Biases: A Field Guide,Know your brain's blind spots,logic,4,"[{""type"": ""text"", ""title"": ""What Are Cognitive Biases?"", ""content"": ""Cognitive biases are systematic errors in thinking. They're not random—they're predictable patterns where your brain takes shortcuts that lead to wrong conclusions.""}, {""type"": ""text"", ""title"": ""The Big Five Biases"", ""content"": ""1) Confirmation bias 2) Anchoring 3) Availability heuristic 4) Sunk cost fallacy 5) Dunning-Kruger effect. These five account for most everyday reasoning errors.""}, {""type"": ""text"", ""title"": ""Debiasing Techniques"", ""content"": ""Consider the opposite view, use base rates, think statistically, seek disconfirming evidence, and use structured decision-making frameworks.""}, {""type"": ""text"", ""title"": ""Meta-Bias"", ""content"": ""The bias blind spot: we see biases in others but not ourselves. The first step to debiasing is accepting that YOU are biased too.""}]","[{""type"": ""multiple_choice"", ""correct"": 1, ""options"": [""Random errors"", ""Systematic thinking patterns"", ""Only in unintelligent people"", ""Always helpful""], ""question"": ""Cognitive biases are:""}, {""type"": ""true_false"", ""correct"": false, ""question"": ""The bias blind spot means we easily recognize our own biases.""}, {""type"": ""multiple_choice"", ""correct"": 2, ""options"": [""Confirmation bias"", ""Anchoring"", ""Logical reasoning"", ""Sunk cost fallacy""], ""question"": ""Which is NOT a common cognitive bias?""}]",50,23,2026-02-16 11:32:17.524446+00,iq
7d8d8a55-6d01-4d81-9304-96eb884b343e,Transfer of Learning,Making skills portable,logic,4,"[{""type"": ""text"", ""title"": ""Near vs Far Transfer"", ""content"": ""Near transfer: applying skills to similar situations (learning one programming language helps with another). Far transfer: applying skills to very different domains (chess making you better at business strategy).""}, {""type"": ""text"", ""title"": ""The Transfer Problem"", ""content"": ""Far transfer is rare and difficult. Training on brain teasers doesn't automatically make you better at unrelated tasks—unless you explicitly practice transferring the underlying principles.""}, {""type"": ""text"", ""title"": ""Maximizing Transfer"", ""content"": ""Focus on learning principles, not procedures. Ask 'when and where can I use this?' Practice applying the same strategy in multiple contexts.""}, {""type"": ""text"", ""title"": ""What Does Transfer?"", ""content"": ""Metacognitive skills, problem-solving strategies, and self-regulation transfer most broadly. These are the real prizes of cognitive training.""}]","[{""type"": ""multiple_choice"", ""correct"": 1, ""options"": [""Easy and automatic"", ""Applying skills to very different domains"", ""Only near similar tasks"", ""Impossible""], ""question"": ""Far transfer is:""}, {""type"": ""true_false"", ""correct"": false, ""question"": ""Brain training automatically improves all cognitive abilities.""}, {""type"": ""multiple_choice"", ""correct"": 1, ""options"": [""Specific facts"", ""Metacognitive and problem-solving skills"", ""Motor skills"", ""Vocabulary""], ""question"": ""What transfers most broadly?""}]",50,24,2026-02-16 11:32:17.524446+00,iq
fa817062-753b-47a3-a4cf-38d72be61762,Building Your Cognitive Training Plan,Putting it all together,logic,1,"[{""type"": ""text"", ""title"": ""Your Cognitive Profile"", ""content"": ""By now, you know your strengths and weaknesses from your BrainScore assessment. A good training plan targets weaknesses while maintaining strengths.""}, {""type"": ""text"", ""title"": ""The Training Cycle"", ""content"": ""1) Assess (take a puzzle/teaser) 2) Reflect (what was hard?) 3) Learn (study the relevant lesson) 4) Practice (try similar but harder problems) 5) Re-assess.""}, {""type"": ""text"", ""title"": ""Consistency Over Intensity"", ""content"": ""15-20 minutes daily beats 2 hours weekly. Cognitive training follows the same rules as physical training: regular, progressive, and varied.""}, {""type"": ""text"", ""title"": ""Your Next Steps"", ""content"": ""Complete brain teasers in your weakest category, try timed puzzles for speed, review lessons for understanding, and track your BrainScore progress over time.""}]","[{""type"": ""multiple_choice"", ""correct"": 1, ""options"": [""Only focus on strengths"", ""Target weaknesses while maintaining strengths"", ""Avoid challenges"", ""Only do easy tasks""], ""question"": ""A good training plan should:""}, {""type"": ""true_false"", ""correct"": false, ""question"": ""Training 2 hours weekly is better than 15 minutes daily.""}, {""type"": ""multiple_choice"", ""correct"": 1, ""options"": [""Practice"", ""Assessment"", ""Rest"", ""Reading""], ""question"": ""The training cycle starts with:""}]",35,25,2026-02-16 11:32:17.524446+00,iq
ec37024f-637e-4e7f-9db3-852e8e17aae5,First-principles decomposition,"Break any problem down to atoms you can verify. If you can't verify it, it's a belief, not a fact.",logic,1,"[{""body"": ""Break any problem down to atoms you can verify. If you can't verify it, it's a belief, not a fact."", ""type"": ""content"", ""title"": ""Concept""}, {""body"": ""Real example: how a working architect used this to unblock a project — see the reflection prompt below."", ""type"": ""content"", ""title"": ""Case""}, {""body"": ""Pick a real problem you have right now. Apply the first-principles decomposition move to it for 10 minutes. Write down what changed."", ""type"": ""content"", ""title"": ""Try It""}, {""body"": ""Where did this feel unnatural? That's the muscle you're building."", ""type"": ""content"", ""title"": ""Reflect""}]","[{""options"": [""Copy an expert"", ""Break to atoms you can verify"", ""Wait for inspiration"", ""Delegate it""], ""question"": ""What is the core move of 'First-principles decomposition'?"", ""is_applied"": false, ""correct_index"": 1}, {""options"": [""When time is unlimited"", ""When you have no feedback loop"", ""When you have a team"", ""When the topic is easy""], ""question"": ""When does this technique fail?"", ""is_applied"": false, ""correct_index"": 1}, {""options"": [""Announce it publicly"", ""Buy a book"", ""Set a 10-minute timer and start"", ""Wait until Monday""], ""question"": ""Which is a valid first step?"", ""is_applied"": false, ""correct_index"": 2}, {""options"": [""Nothing"", ""Add one constraint and re-plan"", ""Ask AI"", ""Ignore it""], ""question"": ""Applied: What would you do differently on your current project?"", ""is_applied"": true, ""correct_index"": 1}, {""options"": [""It requires that name"", ""It leverages their natural strength"", ""Random"", ""It's alphabetical""], ""question"": ""This lesson is primarily for the architect archetype because..."", ""is_applied"": false, ""correct_index"": 1}]",40,0,2026-07-26 00:40:21.288244+00,hidden_genius
90a3cd8e-0d61-448c-96f5-2a97d669abdd,Analogical transfer across domains,"Steal structures. Music theory into UX. Biology into org design. The insight lives in the mapping, not the source.",logic,1,"[{""body"": ""Steal structures. Music theory into UX. Biology into org design. The insight lives in the mapping, not the source."", ""type"": ""content"", ""title"": ""Concept""}, {""body"": ""Real example: how a working architect used this to unblock a project — see the reflection prompt below."", ""type"": ""content"", ""title"": ""Case""}, {""body"": ""Pick a real problem you have right now. Apply the analogical transfer across domains move to it for 10 minutes. Write down what changed."", ""type"": ""content"", ""title"": ""Try It""}, {""body"": ""Where did this feel unnatural? That's the muscle you're building."", ""type"": ""content"", ""title"": ""Reflect""}]","[{""options"": [""Copy an expert"", ""Break to atoms you can verify"", ""Wait for inspiration"", ""Delegate it""], ""question"": ""What is the core move of 'Analogical transfer across domains'?"", ""is_applied"": false, ""correct_index"": 1}, {""options"": [""When time is unlimited"", ""When you have no feedback loop"", ""When you have a team"", ""When the topic is easy""], ""question"": ""When does this technique fail?"", ""is_applied"": false, ""correct_index"": 1}, {""options"": [""Announce it publicly"", ""Buy a book"", ""Set a 10-minute timer and start"", ""Wait until Monday""], ""question"": ""Which is a valid first step?"", ""is_applied"": false, ""correct_index"": 2}, {""options"": [""Nothing"", ""Add one constraint and re-plan"", ""Ask AI"", ""Ignore it""], ""question"": ""Applied: What would you do differently on your current project?"", ""is_applied"": true, ""correct_index"": 1}, {""options"": [""It requires that name"", ""It leverages their natural strength"", ""Random"", ""It's alphabetical""], ""question"": ""This lesson is primarily for the architect archetype because..."", ""is_applied"": false, ""correct_index"": 1}]",40,1,2026-07-26 00:40:21.288244+00,hidden_genius
5ce21274-7bcf-4640-b158-b2b461b640f1,Divergent → convergent funnel,"Generate wide (30 bad ideas), then choose narrow (1 good one). Don't judge while you generate.",logic,1,"[{""body"": ""Generate wide (30 bad ideas), then choose narrow (1 good one). Don't judge while you generate."", ""type"": ""content"", ""title"": ""Concept""}, {""body"": ""Real example: how a working explorer used this to unblock a project — see the reflection prompt below."", ""type"": ""content"", ""title"": ""Case""}, {""body"": ""Pick a real problem you have right now. Apply the divergent → convergent funnel move to it for 10 minutes. Write down what changed."", ""type"": ""content"", ""title"": ""Try It""}, {""body"": ""Where did this feel unnatural? That's the muscle you're building."", ""type"": ""content"", ""title"": ""Reflect""}]","[{""options"": [""Copy an expert"", ""Break to atoms you can verify"", ""Wait for inspiration"", ""Delegate it""], ""question"": ""What is the core move of 'Divergent → convergent funnel'?"", ""is_applied"": false, ""correct_index"": 1}, {""options"": [""When time is unlimited"", ""When you have no feedback loop"", ""When you have a team"", ""When the topic is easy""], ""question"": ""When does this technique fail?"", ""is_applied"": false, ""correct_index"": 1}, {""options"": [""Announce it publicly"", ""Buy a book"", ""Set a 10-minute timer and start"", ""Wait until Monday""], ""question"": ""Which is a valid first step?"", ""is_applied"": false, ""correct_index"": 2}, {""options"": [""Nothing"", ""Add one constraint and re-plan"", ""Ask AI"", ""Ignore it""], ""question"": ""Applied: What would you do differently on your current project?"", ""is_applied"": true, ""correct_index"": 1}, {""options"": [""It requires that name"", ""It leverages their natural strength"", ""Random"", ""It's alphabetical""], ""question"": ""This lesson is primarily for the explorer archetype because..."", ""is_applied"": false, ""correct_index"": 1}]",40,2,2026-07-26 00:40:21.288244+00,hidden_genius
5dff85be-d683-4f11-8333-6e96179ac01a,Constraint-driven creativity,Constraints don't limit creativity; they focus it. Add one to unstick yourself.,logic,1,"[{""body"": ""Constraints don't limit creativity; they focus it. Add one to unstick yourself."", ""type"": ""content"", ""title"": ""Concept""}, {""body"": ""Real example: how a working explorer used this to unblock a project — see the reflection prompt below."", ""type"": ""content"", ""title"": ""Case""}, {""body"": ""Pick a real problem you have right now. Apply the constraint-driven creativity move to it for 10 minutes. Write down what changed."", ""type"": ""content"", ""title"": ""Try It""}, {""body"": ""Where did this feel unnatural? That's the muscle you're building."", ""type"": ""content"", ""title"": ""Reflect""}]","[{""options"": [""Copy an expert"", ""Break to atoms you can verify"", ""Wait for inspiration"", ""Delegate it""], ""question"": ""What is the core move of 'Constraint-driven creativity'?"", ""is_applied"": false, ""correct_index"": 1}, {""options"": [""When time is unlimited"", ""When you have no feedback loop"", ""When you have a team"", ""When the topic is easy""], ""question"": ""When does this technique fail?"", ""is_applied"": false, ""correct_index"": 1}, {""options"": [""Announce it publicly"", ""Buy a book"", ""Set a 10-minute timer and start"", ""Wait until Monday""], ""question"": ""Which is a valid first step?"", ""is_applied"": false, ""correct_index"": 2}, {""options"": [""Nothing"", ""Add one constraint and re-plan"", ""Ask AI"", ""Ignore it""], ""question"": ""Applied: What would you do differently on your current project?"", ""is_applied"": true, ""correct_index"": 1}, {""options"": [""It requires that name"", ""It leverages their natural strength"", ""Random"", ""It's alphabetical""], ""question"": ""This lesson is primarily for the explorer archetype because..."", ""is_applied"": false, ""correct_index"": 1}]",40,3,2026-07-26 00:40:21.288244+00,hidden_genius
ca9e8f35-14ba-4c60-a4f0-f21d59019518,Narrative structure & story arcs,"Every great idea is a story with a change. Setup → conflict → shift. If there's no shift, there's no story.",logic,2,"[{""body"": ""Every great idea is a story with a change. Setup → conflict → shift. If there's no shift, there's no story."", ""type"": ""content"", ""title"": ""Concept""}, {""body"": ""Real example: how a working storyteller used this to unblock a project — see the reflection prompt below."", ""type"": ""content"", ""title"": ""Case""}, {""body"": ""Pick a real problem you have right now. Apply the narrative structure & story arcs move to it for 10 minutes. Write down what changed."", ""type"": ""content"", ""title"": ""Try It""}, {""body"": ""Where did this feel unnatural? That's the muscle you're building."", ""type"": ""content"", ""title"": ""Reflect""}]","[{""options"": [""Copy an expert"", ""Break to atoms you can verify"", ""Wait for inspiration"", ""Delegate it""], ""question"": ""What is the core move of 'Narrative structure & story arcs'?"", ""is_applied"": false, ""correct_index"": 1}, {""options"": [""When time is unlimited"", ""When you have no feedback loop"", ""When you have a team"", ""When the topic is easy""], ""question"": ""When does this technique fail?"", ""is_applied"": false, ""correct_index"": 1}, {""options"": [""Announce it publicly"", ""Buy a book"", ""Set a 10-minute timer and start"", ""Wait until Monday""], ""question"": ""Which is a valid first step?"", ""is_applied"": false, ""correct_index"": 2}, {""options"": [""Nothing"", ""Add one constraint and re-plan"", ""Ask AI"", ""Ignore it""], ""question"": ""Applied: What would you do differently on your current project?"", ""is_applied"": true, ""correct_index"": 1}, {""options"": [""It requires that name"", ""It leverages their natural strength"", ""Random"", ""It's alphabetical""], ""question"": ""This lesson is primarily for the storyteller archetype because..."", ""is_applied"": false, ""correct_index"": 1}]",40,4,2026-07-26 00:40:21.288244+00,hidden_genius
7a115af8-6b34-4abd-8438-56ab3a00725f,Metaphor building,"Two things that are not the same, joined for a reason. The reason is the insight.",logic,2,"[{""body"": ""Two things that are not the same, joined for a reason. The reason is the insight."", ""type"": ""content"", ""title"": ""Concept""}, {""body"": ""Real example: how a working storyteller used this to unblock a project — see the reflection prompt below."", ""type"": ""content"", ""title"": ""Case""}, {""body"": ""Pick a real problem you have right now. Apply the metaphor building move to it for 10 minutes. Write down what changed."", ""type"": ""content"", ""title"": ""Try It""}, {""body"": ""Where did this feel unnatural? That's the muscle you're building."", ""type"": ""content"", ""title"": ""Reflect""}]","[{""options"": [""Copy an expert"", ""Break to atoms you can verify"", ""Wait for inspiration"", ""Delegate it""], ""question"": ""What is the core move of 'Metaphor building'?"", ""is_applied"": false, ""correct_index"": 1}, {""options"": [""When time is unlimited"", ""When you have no feedback loop"", ""When you have a team"", ""When the topic is easy""], ""question"": ""When does this technique fail?"", ""is_applied"": false, ""correct_index"": 1}, {""options"": [""Announce it publicly"", ""Buy a book"", ""Set a 10-minute timer and start"", ""Wait until Monday""], ""question"": ""Which is a valid first step?"", ""is_applied"": false, ""correct_index"": 2}, {""options"": [""Nothing"", ""Add one constraint and re-plan"", ""Ask AI"", ""Ignore it""], ""question"": ""Applied: What would you do differently on your current project?"", ""is_applied"": true, ""correct_index"": 1}, {""options"": [""It requires that name"", ""It leverages their natural strength"", ""Random"", ""It's alphabetical""], ""question"": ""This lesson is primarily for the storyteller archetype because..."", ""is_applied"": false, ""correct_index"": 1}]",40,5,2026-07-26 00:40:21.288244+00,hidden_genius
32d9ea1f-89e3-4970-b98b-cd1de42d40d5,Systems thinking & feedback loops,"Nothing important is a single cause. Look for loops, delays, and stocks that build up.",logic,2,"[{""body"": ""Nothing important is a single cause. Look for loops, delays, and stocks that build up."", ""type"": ""content"", ""title"": ""Concept""}, {""body"": ""Real example: how a working systems thinker used this to unblock a project — see the reflection prompt below."", ""type"": ""content"", ""title"": ""Case""}, {""body"": ""Pick a real problem you have right now. Apply the systems thinking & feedback loops move to it for 10 minutes. Write down what changed."", ""type"": ""content"", ""title"": ""Try It""}, {""body"": ""Where did this feel unnatural? That's the muscle you're building."", ""type"": ""content"", ""title"": ""Reflect""}]","[{""options"": [""Copy an expert"", ""Break to atoms you can verify"", ""Wait for inspiration"", ""Delegate it""], ""question"": ""What is the core move of 'Systems thinking & feedback loops'?"", ""is_applied"": false, ""correct_index"": 1}, {""options"": [""When time is unlimited"", ""When you have no feedback loop"", ""When you have a team"", ""When the topic is easy""], ""question"": ""When does this technique fail?"", ""is_applied"": false, ""correct_index"": 1}, {""options"": [""Announce it publicly"", ""Buy a book"", ""Set a 10-minute timer and start"", ""Wait until Monday""], ""question"": ""Which is a valid first step?"", ""is_applied"": false, ""correct_index"": 2}, {""options"": [""Nothing"", ""Add one constraint and re-plan"", ""Ask AI"", ""Ignore it""], ""question"": ""Applied: What would you do differently on your current project?"", ""is_applied"": true, ""correct_index"": 1}, {""options"": [""It requires that name"", ""It leverages their natural strength"", ""Random"", ""It's alphabetical""], ""question"": ""This lesson is primarily for the systems thinker archetype because..."", ""is_applied"": false, ""correct_index"": 1}]",40,6,2026-07-26 00:40:21.288244+00,hidden_genius
fe5d3629-82ac-4f73-aa4d-4bc79447a479,Second-order effects,The first effect is what you intended. The second one is what happens. Plan for the second.,logic,2,"[{""body"": ""The first effect is what you intended. The second one is what happens. Plan for the second."", ""type"": ""content"", ""title"": ""Concept""}, {""body"": ""Real example: how a working systems thinker used this to unblock a project — see the reflection prompt below."", ""type"": ""content"", ""title"": ""Case""}, {""body"": ""Pick a real problem you have right now. Apply the second-order effects move to it for 10 minutes. Write down what changed."", ""type"": ""content"", ""title"": ""Try It""}, {""body"": ""Where did this feel unnatural? That's the muscle you're building."", ""type"": ""content"", ""title"": ""Reflect""}]","[{""options"": [""Copy an expert"", ""Break to atoms you can verify"", ""Wait for inspiration"", ""Delegate it""], ""question"": ""What is the core move of 'Second-order effects'?"", ""is_applied"": false, ""correct_index"": 1}, {""options"": [""When time is unlimited"", ""When you have no feedback loop"", ""When you have a team"", ""When the topic is easy""], ""question"": ""When does this technique fail?"", ""is_applied"": false, ""correct_index"": 1}, {""options"": [""Announce it publicly"", ""Buy a book"", ""Set a 10-minute timer and start"", ""Wait until Monday""], ""question"": ""Which is a valid first step?"", ""is_applied"": false, ""correct_index"": 2}, {""options"": [""Nothing"", ""Add one constraint and re-plan"", ""Ask AI"", ""Ignore it""], ""question"": ""Applied: What would you do differently on your current project?"", ""is_applied"": true, ""correct_index"": 1}, {""options"": [""It requires that name"", ""It leverages their natural strength"", ""Random"", ""It's alphabetical""], ""question"": ""This lesson is primarily for the systems thinker archetype because..."", ""is_applied"": false, ""correct_index"": 1}]",40,7,2026-07-26 00:40:21.288244+00,hidden_genius
9a062020-1565-4141-970b-7cd334120172,Deliberate practice mechanics,"Practice with a target you can miss, feedback in under 10 seconds, and reps until it's boring.",logic,3,"[{""body"": ""Practice with a target you can miss, feedback in under 10 seconds, and reps until it's boring."", ""type"": ""content"", ""title"": ""Concept""}, {""body"": ""Real example: how a working craftsperson used this to unblock a project — see the reflection prompt below."", ""type"": ""content"", ""title"": ""Case""}, {""body"": ""Pick a real problem you have right now. Apply the deliberate practice mechanics move to it for 10 minutes. Write down what changed."", ""type"": ""content"", ""title"": ""Try It""}, {""body"": ""Where did this feel unnatural? That's the muscle you're building."", ""type"": ""content"", ""title"": ""Reflect""}]","[{""options"": [""Copy an expert"", ""Break to atoms you can verify"", ""Wait for inspiration"", ""Delegate it""], ""question"": ""What is the core move of 'Deliberate practice mechanics'?"", ""is_applied"": false, ""correct_index"": 1}, {""options"": [""When time is unlimited"", ""When you have no feedback loop"", ""When you have a team"", ""When the topic is easy""], ""question"": ""When does this technique fail?"", ""is_applied"": false, ""correct_index"": 1}, {""options"": [""Announce it publicly"", ""Buy a book"", ""Set a 10-minute timer and start"", ""Wait until Monday""], ""question"": ""Which is a valid first step?"", ""is_applied"": false, ""correct_index"": 2}, {""options"": [""Nothing"", ""Add one constraint and re-plan"", ""Ask AI"", ""Ignore it""], ""question"": ""Applied: What would you do differently on your current project?"", ""is_applied"": true, ""correct_index"": 1}, {""options"": [""It requires that name"", ""It leverages their natural strength"", ""Random"", ""It's alphabetical""], ""question"": ""This lesson is primarily for the craftsperson archetype because..."", ""is_applied"": false, ""correct_index"": 1}]",40,8,2026-07-26 00:40:21.288244+00,hidden_genius
5f6a3f94-3275-43c2-9793-355838f751b0,Skill decomposition & reps,Chunk. Isolate. Rep. Recombine. Never rehearse the whole thing until you've drilled the parts.,logic,3,"[{""body"": ""Chunk. Isolate. Rep. Recombine. Never rehearse the whole thing until you've drilled the parts."", ""type"": ""content"", ""title"": ""Concept""}, {""body"": ""Real example: how a working craftsperson used this to unblock a project — see the reflection prompt below."", ""type"": ""content"", ""title"": ""Case""}, {""body"": ""Pick a real problem you have right now. Apply the skill decomposition & reps move to it for 10 minutes. Write down what changed."", ""type"": ""content"", ""title"": ""Try It""}, {""body"": ""Where did this feel unnatural? That's the muscle you're building."", ""type"": ""content"", ""title"": ""Reflect""}]","[{""options"": [""Copy an expert"", ""Break to atoms you can verify"", ""Wait for inspiration"", ""Delegate it""], ""question"": ""What is the core move of 'Skill decomposition & reps'?"", ""is_applied"": false, ""correct_index"": 1}, {""options"": [""When time is unlimited"", ""When you have no feedback loop"", ""When you have a team"", ""When the topic is easy""], ""question"": ""When does this technique fail?"", ""is_applied"": false, ""correct_index"": 1}, {""options"": [""Announce it publicly"", ""Buy a book"", ""Set a 10-minute timer and start"", ""Wait until Monday""], ""question"": ""Which is a valid first step?"", ""is_applied"": false, ""correct_index"": 2}, {""options"": [""Nothing"", ""Add one constraint and re-plan"", ""Ask AI"", ""Ignore it""], ""question"": ""Applied: What would you do differently on your current project?"", ""is_applied"": true, ""correct_index"": 1}, {""options"": [""It requires that name"", ""It leverages their natural strength"", ""Random"", ""It's alphabetical""], ""question"": ""This lesson is primarily for the craftsperson archetype because..."", ""is_applied"": false, ""correct_index"": 1}]",40,9,2026-07-26 00:40:21.288244+00,hidden_genius
ed612938-fec5-44b3-971c-7a56c7f7d481,Pattern hunting across noise,"Patterns hide in what's NOT changing. Look at the invariants, not the surface.",logic,3,"[{""body"": ""Patterns hide in what's NOT changing. Look at the invariants, not the surface."", ""type"": ""content"", ""title"": ""Concept""}, {""body"": ""Real example: how a working pattern hunter used this to unblock a project — see the reflection prompt below."", ""type"": ""content"", ""title"": ""Case""}, {""body"": ""Pick a real problem you have right now. Apply the pattern hunting across noise move to it for 10 minutes. Write down what changed."", ""type"": ""content"", ""title"": ""Try It""}, {""body"": ""Where did this feel unnatural? That's the muscle you're building."", ""type"": ""content"", ""title"": ""Reflect""}]","[{""options"": [""Copy an expert"", ""Break to atoms you can verify"", ""Wait for inspiration"", ""Delegate it""], ""question"": ""What is the core move of 'Pattern hunting across noise'?"", ""is_applied"": false, ""correct_index"": 1}, {""options"": [""When time is unlimited"", ""When you have no feedback loop"", ""When you have a team"", ""When the topic is easy""], ""question"": ""When does this technique fail?"", ""is_applied"": false, ""correct_index"": 1}, {""options"": [""Announce it publicly"", ""Buy a book"", ""Set a 10-minute timer and start"", ""Wait until Monday""], ""question"": ""Which is a valid first step?"", ""is_applied"": false, ""correct_index"": 2}, {""options"": [""Nothing"", ""Add one constraint and re-plan"", ""Ask AI"", ""Ignore it""], ""question"": ""Applied: What would you do differently on your current project?"", ""is_applied"": true, ""correct_index"": 1}, {""options"": [""It requires that name"", ""It leverages their natural strength"", ""Random"", ""It's alphabetical""], ""question"": ""This lesson is primarily for the pattern hunter archetype because..."", ""is_applied"": false, ""correct_index"": 1}]",40,10,2026-07-26 00:40:21.288244+00,hidden_genius
0be0c5fc-82cd-4f51-aee7-ad243386e288,Working from anomalies,"When something surprises you, don't explain it away. Chase it — that's where the new pattern lives.",logic,3,"[{""body"": ""When something surprises you, don't explain it away. Chase it — that's where the new pattern lives."", ""type"": ""content"", ""title"": ""Concept""}, {""body"": ""Real example: how a working pattern hunter used this to unblock a project — see the reflection prompt below."", ""type"": ""content"", ""title"": ""Case""}, {""body"": ""Pick a real problem you have right now. Apply the working from anomalies move to it for 10 minutes. Write down what changed."", ""type"": ""content"", ""title"": ""Try It""}, {""body"": ""Where did this feel unnatural? That's the muscle you're building."", ""type"": ""content"", ""title"": ""Reflect""}]","[{""options"": [""Copy an expert"", ""Break to atoms you can verify"", ""Wait for inspiration"", ""Delegate it""], ""question"": ""What is the core move of 'Working from anomalies'?"", ""is_applied"": false, ""correct_index"": 1}, {""options"": [""When time is unlimited"", ""When you have no feedback loop"", ""When you have a team"", ""When the topic is easy""], ""question"": ""When does this technique fail?"", ""is_applied"": false, ""correct_index"": 1}, {""options"": [""Announce it publicly"", ""Buy a book"", ""Set a 10-minute timer and start"", ""Wait until Monday""], ""question"": ""Which is a valid first step?"", ""is_applied"": false, ""correct_index"": 2}, {""options"": [""Nothing"", ""Add one constraint and re-plan"", ""Ask AI"", ""Ignore it""], ""question"": ""Applied: What would you do differently on your current project?"", ""is_applied"": true, ""correct_index"": 1}, {""options"": [""It requires that name"", ""It leverages their natural strength"", ""Random"", ""It's alphabetical""], ""question"": ""This lesson is primarily for the pattern hunter archetype because..."", ""is_applied"": false, ""correct_index"": 1}]",40,11,2026-07-26 00:40:21.288244+00,hidden_genius
30c62c8d-08bd-4698-b1d1-afd08a23ed25,Cross-domain synthesis,"Two fields, one question. Force yourself to hold both languages at once. The answer is bilingual.",logic,4,"[{""body"": ""Two fields, one question. Force yourself to hold both languages at once. The answer is bilingual."", ""type"": ""content"", ""title"": ""Concept""}, {""body"": ""Real example: how a working connector used this to unblock a project — see the reflection prompt below."", ""type"": ""content"", ""title"": ""Case""}, {""body"": ""Pick a real problem you have right now. Apply the cross-domain synthesis move to it for 10 minutes. Write down what changed."", ""type"": ""content"", ""title"": ""Try It""}, {""body"": ""Where did this feel unnatural? That's the muscle you're building."", ""type"": ""content"", ""title"": ""Reflect""}]","[{""options"": [""Copy an expert"", ""Break to atoms you can verify"", ""Wait for inspiration"", ""Delegate it""], ""question"": ""What is the core move of 'Cross-domain synthesis'?"", ""is_applied"": false, ""correct_index"": 1}, {""options"": [""When time is unlimited"", ""When you have no feedback loop"", ""When you have a team"", ""When the topic is easy""], ""question"": ""When does this technique fail?"", ""is_applied"": false, ""correct_index"": 1}, {""options"": [""Announce it publicly"", ""Buy a book"", ""Set a 10-minute timer and start"", ""Wait until Monday""], ""question"": ""Which is a valid first step?"", ""is_applied"": false, ""correct_index"": 2}, {""options"": [""Nothing"", ""Add one constraint and re-plan"", ""Ask AI"", ""Ignore it""], ""question"": ""Applied: What would you do differently on your current project?"", ""is_applied"": true, ""correct_index"": 1}, {""options"": [""It requires that name"", ""It leverages their natural strength"", ""Random"", ""It's alphabetical""], ""question"": ""This lesson is primarily for the connector archetype because..."", ""is_applied"": false, ""correct_index"": 1}]",40,12,2026-07-26 00:40:21.288244+00,hidden_genius
e1ad1faf-f293-4be5-9430-e61d4a622dfc,Environment design for creative work,Your environment does 80% of the work. Design it once so you don't have to decide daily.,logic,4,"[{""body"": ""Your environment does 80% of the work. Design it once so you don't have to decide daily."", ""type"": ""content"", ""title"": ""Concept""}, {""body"": ""Real example: how a working catalyst used this to unblock a project — see the reflection prompt below."", ""type"": ""content"", ""title"": ""Case""}, {""body"": ""Pick a real problem you have right now. Apply the environment design for creative work move to it for 10 minutes. Write down what changed."", ""type"": ""content"", ""title"": ""Try It""}, {""body"": ""Where did this feel unnatural? That's the muscle you're building."", ""type"": ""content"", ""title"": ""Reflect""}]","[{""options"": [""Copy an expert"", ""Break to atoms you can verify"", ""Wait for inspiration"", ""Delegate it""], ""question"": ""What is the core move of 'Environment design for creative work'?"", ""is_applied"": false, ""correct_index"": 1}, {""options"": [""When time is unlimited"", ""When you have no feedback loop"", ""When you have a team"", ""When the topic is easy""], ""question"": ""When does this technique fail?"", ""is_applied"": false, ""correct_index"": 1}, {""options"": [""Announce it publicly"", ""Buy a book"", ""Set a 10-minute timer and start"", ""Wait until Monday""], ""question"": ""Which is a valid first step?"", ""is_applied"": false, ""correct_index"": 2}, {""options"": [""Nothing"", ""Add one constraint and re-plan"", ""Ask AI"", ""Ignore it""], ""question"": ""Applied: What would you do differently on your current project?"", ""is_applied"": true, ""correct_index"": 1}, {""options"": [""It requires that name"", ""It leverages their natural strength"", ""Random"", ""It's alphabetical""], ""question"": ""This lesson is primarily for the catalyst archetype because..."", ""is_applied"": false, ""correct_index"": 1}]",40,13,2026-07-26 00:40:21.288244+00,hidden_genius
41f07a12-4a45-4c31-acdb-a32aefb169e4,Idea capture systems,An idea you didn't capture is an idea you didn't have. Any system beats no system.,logic,4,"[{""body"": ""An idea you didn't capture is an idea you didn't have. Any system beats no system."", ""type"": ""content"", ""title"": ""Concept""}, {""body"": ""Real example: how a working catalyst used this to unblock a project — see the reflection prompt below."", ""type"": ""content"", ""title"": ""Case""}, {""body"": ""Pick a real problem you have right now. Apply the idea capture systems move to it for 10 minutes. Write down what changed."", ""type"": ""content"", ""title"": ""Try It""}, {""body"": ""Where did this feel unnatural? That's the muscle you're building."", ""type"": ""content"", ""title"": ""Reflect""}]","[{""options"": [""Copy an expert"", ""Break to atoms you can verify"", ""Wait for inspiration"", ""Delegate it""], ""question"": ""What is the core move of 'Idea capture systems'?"", ""is_applied"": false, ""correct_index"": 1}, {""options"": [""When time is unlimited"", ""When you have no feedback loop"", ""When you have a team"", ""When the topic is easy""], ""question"": ""When does this technique fail?"", ""is_applied"": false, ""correct_index"": 1}, {""options"": [""Announce it publicly"", ""Buy a book"", ""Set a 10-minute timer and start"", ""Wait until Monday""], ""question"": ""Which is a valid first step?"", ""is_applied"": false, ""correct_index"": 2}, {""options"": [""Nothing"", ""Add one constraint and re-plan"", ""Ask AI"", ""Ignore it""], ""question"": ""Applied: What would you do differently on your current project?"", ""is_applied"": true, ""correct_index"": 1}, {""options"": [""It requires that name"", ""It leverages their natural strength"", ""Random"", ""It's alphabetical""], ""question"": ""This lesson is primarily for the catalyst archetype because..."", ""is_applied"": false, ""correct_index"": 1}]",40,14,2026-07-26 00:40:21.288244+00,hidden_genius
0a3632a5-5965-4e6b-9601-c133922700af,Sleep architecture 101,Every night your brain runs a cleaning cycle in deep sleep and a filing cycle in REM. Miss either and memory suffers next day.,memory,1,"[{""body"": ""Every night your brain runs a cleaning cycle in deep sleep and a filing cycle in REM. Miss either and memory suffers next day."", ""type"": ""content"", ""title"": ""Concept""}, {""body"": ""This connects directly to your Brain Health report — check which pillar it sits under."", ""type"": ""content"", ""title"": ""Why it matters""}, {""body"": ""Pick one specific action. Write when and where you'll do it. That's the whole trick."", ""type"": ""content"", ""title"": ""Try It This Week""}, {""body"": ""How did your body respond? Notice. That's the data."", ""type"": ""content"", ""title"": ""Reflect""}]","[{""options"": [""Willpower is enough"", ""Small consistent inputs compound"", ""Genetics decide everything"", ""Sleep is optional""], ""question"": ""Which statement is closest to the lesson?"", ""is_applied"": false, ""correct_index"": 1}, {""options"": [""Buy supplements"", ""Announce a big change"", ""Set one specific if-then plan"", ""Wait for motivation""], ""question"": ""What's a valid first action?"", ""is_applied"": false, ""correct_index"": 2}, {""options"": [""True"", ""False""], ""question"": ""This is medical advice."", ""is_applied"": false, ""correct_index"": 1}, {""options"": [""Never"", ""Only if bleeding"", ""When symptoms persist or worsen"", ""Only over 65""], ""question"": ""When should you talk to a clinician?"", ""is_applied"": true, ""correct_index"": 2}, {""options"": [""Nothing"", ""One specific action tied to a cue"", ""Read more articles"", ""Ask twitter""], ""question"": ""Applied: what will you actually do this week?"", ""is_applied"": true, ""correct_index"": 1}]",40,0,2026-07-26 00:40:21.288244+00,brain_health
ee162db1-0da6-466c-835a-3783ccc1931e,Sleep hygiene basics,"Same wake time daily. No screens 60 min before bed. Cold, dark, quiet room. That's most of it.",memory,1,"[{""body"": ""Same wake time daily. No screens 60 min before bed. Cold, dark, quiet room. That's most of it."", ""type"": ""content"", ""title"": ""Concept""}, {""body"": ""This connects directly to your Brain Health report — check which pillar it sits under."", ""type"": ""content"", ""title"": ""Why it matters""}, {""body"": ""Pick one specific action. Write when and where you'll do it. That's the whole trick."", ""type"": ""content"", ""title"": ""Try It This Week""}, {""body"": ""How did your body respond? Notice. That's the data."", ""type"": ""content"", ""title"": ""Reflect""}]","[{""options"": [""Willpower is enough"", ""Small consistent inputs compound"", ""Genetics decide everything"", ""Sleep is optional""], ""question"": ""Which statement is closest to the lesson?"", ""is_applied"": false, ""correct_index"": 1}, {""options"": [""Buy supplements"", ""Announce a big change"", ""Set one specific if-then plan"", ""Wait for motivation""], ""question"": ""What's a valid first action?"", ""is_applied"": false, ""correct_index"": 2}, {""options"": [""True"", ""False""], ""question"": ""This is medical advice."", ""is_applied"": false, ""correct_index"": 1}, {""options"": [""Never"", ""Only if bleeding"", ""When symptoms persist or worsen"", ""Only over 65""], ""question"": ""When should you talk to a clinician?"", ""is_applied"": true, ""correct_index"": 2}, {""options"": [""Nothing"", ""One specific action tied to a cue"", ""Read more articles"", ""Ask twitter""], ""question"": ""Applied: what will you actually do this week?"", ""is_applied"": true, ""correct_index"": 1}]",40,1,2026-07-26 00:40:21.288244+00,brain_health
14640ea5-5ed7-44fb-9fa7-550acccb5595,Apnea red flags,"Loud snoring, gasping at night, or dozing off during conversation? Ask your doctor about a sleep study. This is educational, not medical adv",memory,2,"[{""body"": ""Loud snoring, gasping at night, or dozing off during conversation? Ask your doctor about a sleep study. This is educational, not medical advice."", ""type"": ""content"", ""title"": ""Concept""}, {""body"": ""This connects directly to your Brain Health report — check which pillar it sits under."", ""type"": ""content"", ""title"": ""Why it matters""}, {""body"": ""Pick one specific action. Write when and where you'll do it. That's the whole trick."", ""type"": ""content"", ""title"": ""Try It This Week""}, {""body"": ""How did your body respond? Notice. That's the data."", ""type"": ""content"", ""title"": ""Reflect""}]","[{""options"": [""Willpower is enough"", ""Small consistent inputs compound"", ""Genetics decide everything"", ""Sleep is optional""], ""question"": ""Which statement is closest to the lesson?"", ""is_applied"": false, ""correct_index"": 1}, {""options"": [""Buy supplements"", ""Announce a big change"", ""Set one specific if-then plan"", ""Wait for motivation""], ""question"": ""What's a valid first action?"", ""is_applied"": false, ""correct_index"": 2}, {""options"": [""True"", ""False""], ""question"": ""This is medical advice."", ""is_applied"": false, ""correct_index"": 1}, {""options"": [""Never"", ""Only if bleeding"", ""When symptoms persist or worsen"", ""Only over 65""], ""question"": ""When should you talk to a clinician?"", ""is_applied"": true, ""correct_index"": 2}, {""options"": [""Nothing"", ""One specific action tied to a cue"", ""Read more articles"", ""Ask twitter""], ""question"": ""Applied: what will you actually do this week?"", ""is_applied"": true, ""correct_index"": 1}]",40,2,2026-07-26 00:40:21.288244+00,brain_health
17b1d884-95a5-4b9d-a779-4a51c03b50e6,Chronotype & schedule,"Larks peak early; owls peak late. Match hard cognitive work to your peak, not the culture's peak.",memory,2,"[{""body"": ""Larks peak early; owls peak late. Match hard cognitive work to your peak, not the culture's peak."", ""type"": ""content"", ""title"": ""Concept""}, {""body"": ""This connects directly to your Brain Health report — check which pillar it sits under."", ""type"": ""content"", ""title"": ""Why it matters""}, {""body"": ""Pick one specific action. Write when and where you'll do it. That's the whole trick."", ""type"": ""content"", ""title"": ""Try It This Week""}, {""body"": ""How did your body respond? Notice. That's the data."", ""type"": ""content"", ""title"": ""Reflect""}]","[{""options"": [""Willpower is enough"", ""Small consistent inputs compound"", ""Genetics decide everything"", ""Sleep is optional""], ""question"": ""Which statement is closest to the lesson?"", ""is_applied"": false, ""correct_index"": 1}, {""options"": [""Buy supplements"", ""Announce a big change"", ""Set one specific if-then plan"", ""Wait for motivation""], ""question"": ""What's a valid first action?"", ""is_applied"": false, ""correct_index"": 2}, {""options"": [""True"", ""False""], ""question"": ""This is medical advice."", ""is_applied"": false, ""correct_index"": 1}, {""options"": [""Never"", ""Only if bleeding"", ""When symptoms persist or worsen"", ""Only over 65""], ""question"": ""When should you talk to a clinician?"", ""is_applied"": true, ""correct_index"": 2}, {""options"": [""Nothing"", ""One specific action tied to a cue"", ""Read more articles"", ""Ask twitter""], ""question"": ""Applied: what will you actually do this week?"", ""is_applied"": true, ""correct_index"": 1}]",40,3,2026-07-26 00:40:21.288244+00,brain_health
03e95e64-fd97-4aa1-bf6c-2d94f46fbe3b,Allostatic load,"Stress isn't the event — it's the load your body carries after. Recovery is the point, not avoidance.",memory,2,"[{""body"": ""Stress isn't the event — it's the load your body carries after. Recovery is the point, not avoidance."", ""type"": ""content"", ""title"": ""Concept""}, {""body"": ""This connects directly to your Brain Health report — check which pillar it sits under."", ""type"": ""content"", ""title"": ""Why it matters""}, {""body"": ""Pick one specific action. Write when and where you'll do it. That's the whole trick."", ""type"": ""content"", ""title"": ""Try It This Week""}, {""body"": ""How did your body respond? Notice. That's the data."", ""type"": ""content"", ""title"": ""Reflect""}]","[{""options"": [""Willpower is enough"", ""Small consistent inputs compound"", ""Genetics decide everything"", ""Sleep is optional""], ""question"": ""Which statement is closest to the lesson?"", ""is_applied"": false, ""correct_index"": 1}, {""options"": [""Buy supplements"", ""Announce a big change"", ""Set one specific if-then plan"", ""Wait for motivation""], ""question"": ""What's a valid first action?"", ""is_applied"": false, ""correct_index"": 2}, {""options"": [""True"", ""False""], ""question"": ""This is medical advice."", ""is_applied"": false, ""correct_index"": 1}, {""options"": [""Never"", ""Only if bleeding"", ""When symptoms persist or worsen"", ""Only over 65""], ""question"": ""When should you talk to a clinician?"", ""is_applied"": true, ""correct_index"": 2}, {""options"": [""Nothing"", ""One specific action tied to a cue"", ""Read more articles"", ""Ask twitter""], ""question"": ""Applied: what will you actually do this week?"", ""is_applied"": true, ""correct_index"": 1}]",40,4,2026-07-26 00:40:21.288244+00,brain_health
730e72ac-6b34-4abe-bdf4-cc85ea0b04de,Breathwork protocols,"Two protocols worth memorizing: physiological sigh (2 in, 1 in, long out) and box breathing (4-4-4-4).",memory,1,"[{""body"": ""Two protocols worth memorizing: physiological sigh (2 in, 1 in, long out) and box breathing (4-4-4-4)."", ""type"": ""content"", ""title"": ""Concept""}, {""body"": ""This connects directly to your Brain Health report — check which pillar it sits under."", ""type"": ""content"", ""title"": ""Why it matters""}, {""body"": ""Pick one specific action. Write when and where you'll do it. That's the whole trick."", ""type"": ""content"", ""title"": ""Try It This Week""}, {""body"": ""How did your body respond? Notice. That's the data."", ""type"": ""content"", ""title"": ""Reflect""}]","[{""options"": [""Willpower is enough"", ""Small consistent inputs compound"", ""Genetics decide everything"", ""Sleep is optional""], ""question"": ""Which statement is closest to the lesson?"", ""is_applied"": false, ""correct_index"": 1}, {""options"": [""Buy supplements"", ""Announce a big change"", ""Set one specific if-then plan"", ""Wait for motivation""], ""question"": ""What's a valid first action?"", ""is_applied"": false, ""correct_index"": 2}, {""options"": [""True"", ""False""], ""question"": ""This is medical advice."", ""is_applied"": false, ""correct_index"": 1}, {""options"": [""Never"", ""Only if bleeding"", ""When symptoms persist or worsen"", ""Only over 65""], ""question"": ""When should you talk to a clinician?"", ""is_applied"": true, ""correct_index"": 2}, {""options"": [""Nothing"", ""One specific action tied to a cue"", ""Read more articles"", ""Ask twitter""], ""question"": ""Applied: what will you actually do this week?"", ""is_applied"": true, ""correct_index"": 1}]",40,5,2026-07-26 00:40:21.288244+00,brain_health
eb590a91-2119-4bce-8cb5-10d1a9c64427,Recovery windows,10 minutes of low-stim after a hard cognitive block beats 60 minutes at the end of the day.,memory,2,"[{""body"": ""10 minutes of low-stim after a hard cognitive block beats 60 minutes at the end of the day."", ""type"": ""content"", ""title"": ""Concept""}, {""body"": ""This connects directly to your Brain Health report — check which pillar it sits under."", ""type"": ""content"", ""title"": ""Why it matters""}, {""body"": ""Pick one specific action. Write when and where you'll do it. That's the whole trick."", ""type"": ""content"", ""title"": ""Try It This Week""}, {""body"": ""How did your body respond? Notice. That's the data."", ""type"": ""content"", ""title"": ""Reflect""}]","[{""options"": [""Willpower is enough"", ""Small consistent inputs compound"", ""Genetics decide everything"", ""Sleep is optional""], ""question"": ""Which statement is closest to the lesson?"", ""is_applied"": false, ""correct_index"": 1}, {""options"": [""Buy supplements"", ""Announce a big change"", ""Set one specific if-then plan"", ""Wait for motivation""], ""question"": ""What's a valid first action?"", ""is_applied"": false, ""correct_index"": 2}, {""options"": [""True"", ""False""], ""question"": ""This is medical advice."", ""is_applied"": false, ""correct_index"": 1}, {""options"": [""Never"", ""Only if bleeding"", ""When symptoms persist or worsen"", ""Only over 65""], ""question"": ""When should you talk to a clinician?"", ""is_applied"": true, ""correct_index"": 2}, {""options"": [""Nothing"", ""One specific action tied to a cue"", ""Read more articles"", ""Ask twitter""], ""question"": ""Applied: what will you actually do this week?"", ""is_applied"": true, ""correct_index"": 1}]",40,6,2026-07-26 00:40:21.288244+00,brain_health
0ee0f26f-a7a9-49b3-90f7-2e6766275038,Aerobic minimums,"150 minutes/week of moderate cardio moves BDNF, the brain's fertilizer. Split into 5×30 or 3×50 — your call.",speed,1,"[{""body"": ""150 minutes/week of moderate cardio moves BDNF, the brain's fertilizer. Split into 5×30 or 3×50 — your call."", ""type"": ""content"", ""title"": ""Concept""}, {""body"": ""This connects directly to your Brain Health report — check which pillar it sits under."", ""type"": ""content"", ""title"": ""Why it matters""}, {""body"": ""Pick one specific action. Write when and where you'll do it. That's the whole trick."", ""type"": ""content"", ""title"": ""Try It This Week""}, {""body"": ""How did your body respond? Notice. That's the data."", ""type"": ""content"", ""title"": ""Reflect""}]","[{""options"": [""Willpower is enough"", ""Small consistent inputs compound"", ""Genetics decide everything"", ""Sleep is optional""], ""question"": ""Which statement is closest to the lesson?"", ""is_applied"": false, ""correct_index"": 1}, {""options"": [""Buy supplements"", ""Announce a big change"", ""Set one specific if-then plan"", ""Wait for motivation""], ""question"": ""What's a valid first action?"", ""is_applied"": false, ""correct_index"": 2}, {""options"": [""True"", ""False""], ""question"": ""This is medical advice."", ""is_applied"": false, ""correct_index"": 1}, {""options"": [""Never"", ""Only if bleeding"", ""When symptoms persist or worsen"", ""Only over 65""], ""question"": ""When should you talk to a clinician?"", ""is_applied"": true, ""correct_index"": 2}, {""options"": [""Nothing"", ""One specific action tied to a cue"", ""Read more articles"", ""Ask twitter""], ""question"": ""Applied: what will you actually do this week?"", ""is_applied"": true, ""correct_index"": 1}]",40,7,2026-07-26 00:40:21.288244+00,brain_health
b00072f8-9caa-4216-a322-f9a1537b1dd8,Resistance for brain,Strength training twice a week protects cognition in older adults. Even bands work.,speed,2,"[{""body"": ""Strength training twice a week protects cognition in older adults. Even bands work."", ""type"": ""content"", ""title"": ""Concept""}, {""body"": ""This connects directly to your Brain Health report — check which pillar it sits under."", ""type"": ""content"", ""title"": ""Why it matters""}, {""body"": ""Pick one specific action. Write when and where you'll do it. That's the whole trick."", ""type"": ""content"", ""title"": ""Try It This Week""}, {""body"": ""How did your body respond? Notice. That's the data."", ""type"": ""content"", ""title"": ""Reflect""}]","[{""options"": [""Willpower is enough"", ""Small consistent inputs compound"", ""Genetics decide everything"", ""Sleep is optional""], ""question"": ""Which statement is closest to the lesson?"", ""is_applied"": false, ""correct_index"": 1}, {""options"": [""Buy supplements"", ""Announce a big change"", ""Set one specific if-then plan"", ""Wait for motivation""], ""question"": ""What's a valid first action?"", ""is_applied"": false, ""correct_index"": 2}, {""options"": [""True"", ""False""], ""question"": ""This is medical advice."", ""is_applied"": false, ""correct_index"": 1}, {""options"": [""Never"", ""Only if bleeding"", ""When symptoms persist or worsen"", ""Only over 65""], ""question"": ""When should you talk to a clinician?"", ""is_applied"": true, ""correct_index"": 2}, {""options"": [""Nothing"", ""One specific action tied to a cue"", ""Read more articles"", ""Ask twitter""], ""question"": ""Applied: what will you actually do this week?"", ""is_applied"": true, ""correct_index"": 1}]",40,8,2026-07-26 00:40:21.288244+00,brain_health
040caff7-acd7-412c-aa49-5d275d2b3080,NEAT — non-exercise activity,"Standing, walking, fidgeting. NEAT often beats gym time for daily glucose regulation.",speed,1,"[{""body"": ""Standing, walking, fidgeting. NEAT often beats gym time for daily glucose regulation."", ""type"": ""content"", ""title"": ""Concept""}, {""body"": ""This connects directly to your Brain Health report — check which pillar it sits under."", ""type"": ""content"", ""title"": ""Why it matters""}, {""body"": ""Pick one specific action. Write when and where you'll do it. That's the whole trick."", ""type"": ""content"", ""title"": ""Try It This Week""}, {""body"": ""How did your body respond? Notice. That's the data."", ""type"": ""content"", ""title"": ""Reflect""}]","[{""options"": [""Willpower is enough"", ""Small consistent inputs compound"", ""Genetics decide everything"", ""Sleep is optional""], ""question"": ""Which statement is closest to the lesson?"", ""is_applied"": false, ""correct_index"": 1}, {""options"": [""Buy supplements"", ""Announce a big change"", ""Set one specific if-then plan"", ""Wait for motivation""], ""question"": ""What's a valid first action?"", ""is_applied"": false, ""correct_index"": 2}, {""options"": [""True"", ""False""], ""question"": ""This is medical advice."", ""is_applied"": false, ""correct_index"": 1}, {""options"": [""Never"", ""Only if bleeding"", ""When symptoms persist or worsen"", ""Only over 65""], ""question"": ""When should you talk to a clinician?"", ""is_applied"": true, ""correct_index"": 2}, {""options"": [""Nothing"", ""One specific action tied to a cue"", ""Read more articles"", ""Ask twitter""], ""question"": ""Applied: what will you actually do this week?"", ""is_applied"": true, ""correct_index"": 1}]",40,9,2026-07-26 00:40:21.288244+00,brain_health
6b394ee7-322f-4ce2-a023-ee1ad3e9a402,Omega-3s and B vitamins,"DHA (fish, algae) supports membrane health. B12 deficiency mimics dementia. Get both checked.",memory,2,"[{""body"": ""DHA (fish, algae) supports membrane health. B12 deficiency mimics dementia. Get both checked."", ""type"": ""content"", ""title"": ""Concept""}, {""body"": ""This connects directly to your Brain Health report — check which pillar it sits under."", ""type"": ""content"", ""title"": ""Why it matters""}, {""body"": ""Pick one specific action. Write when and where you'll do it. That's the whole trick."", ""type"": ""content"", ""title"": ""Try It This Week""}, {""body"": ""How did your body respond? Notice. That's the data."", ""type"": ""content"", ""title"": ""Reflect""}]","[{""options"": [""Willpower is enough"", ""Small consistent inputs compound"", ""Genetics decide everything"", ""Sleep is optional""], ""question"": ""Which statement is closest to the lesson?"", ""is_applied"": false, ""correct_index"": 1}, {""options"": [""Buy supplements"", ""Announce a big change"", ""Set one specific if-then plan"", ""Wait for motivation""], ""question"": ""What's a valid first action?"", ""is_applied"": false, ""correct_index"": 2}, {""options"": [""True"", ""False""], ""question"": ""This is medical advice."", ""is_applied"": false, ""correct_index"": 1}, {""options"": [""Never"", ""Only if bleeding"", ""When symptoms persist or worsen"", ""Only over 65""], ""question"": ""When should you talk to a clinician?"", ""is_applied"": true, ""correct_index"": 2}, {""options"": [""Nothing"", ""One specific action tied to a cue"", ""Read more articles"", ""Ask twitter""], ""question"": ""Applied: what will you actually do this week?"", ""is_applied"": true, ""correct_index"": 1}]",40,10,2026-07-26 00:40:21.288244+00,brain_health
5afb864c-f08c-49a0-8934-bdf5b8ab11a1,Glucose stability,Big glucose spikes → afternoon fog. Protein + fiber first each meal flattens the curve.,memory,2,"[{""body"": ""Big glucose spikes → afternoon fog. Protein + fiber first each meal flattens the curve."", ""type"": ""content"", ""title"": ""Concept""}, {""body"": ""This connects directly to your Brain Health report — check which pillar it sits under."", ""type"": ""content"", ""title"": ""Why it matters""}, {""body"": ""Pick one specific action. Write when and where you'll do it. That's the whole trick."", ""type"": ""content"", ""title"": ""Try It This Week""}, {""body"": ""How did your body respond? Notice. That's the data."", ""type"": ""content"", ""title"": ""Reflect""}]","[{""options"": [""Willpower is enough"", ""Small consistent inputs compound"", ""Genetics decide everything"", ""Sleep is optional""], ""question"": ""Which statement is closest to the lesson?"", ""is_applied"": false, ""correct_index"": 1}, {""options"": [""Buy supplements"", ""Announce a big change"", ""Set one specific if-then plan"", ""Wait for motivation""], ""question"": ""What's a valid first action?"", ""is_applied"": false, ""correct_index"": 2}, {""options"": [""True"", ""False""], ""question"": ""This is medical advice."", ""is_applied"": false, ""correct_index"": 1}, {""options"": [""Never"", ""Only if bleeding"", ""When symptoms persist or worsen"", ""Only over 65""], ""question"": ""When should you talk to a clinician?"", ""is_applied"": true, ""correct_index"": 2}, {""options"": [""Nothing"", ""One specific action tied to a cue"", ""Read more articles"", ""Ask twitter""], ""question"": ""Applied: what will you actually do this week?"", ""is_applied"": true, ""correct_index"": 1}]",40,11,2026-07-26 00:40:21.288244+00,brain_health
65abb93b-0b87-41b1-8316-392e2250561f,Hearing checks,"Untreated hearing loss is the largest modifiable dementia risk factor. Get a baseline test at 50, then every 3 years.",memory,2,"[{""body"": ""Untreated hearing loss is the largest modifiable dementia risk factor. Get a baseline test at 50, then every 3 years."", ""type"": ""content"", ""title"": ""Concept""}, {""body"": ""This connects directly to your Brain Health report — check which pillar it sits under."", ""type"": ""content"", ""title"": ""Why it matters""}, {""body"": ""Pick one specific action. Write when and where you'll do it. That's the whole trick."", ""type"": ""content"", ""title"": ""Try It This Week""}, {""body"": ""How did your body respond? Notice. That's the data."", ""type"": ""content"", ""title"": ""Reflect""}]","[{""options"": [""Willpower is enough"", ""Small consistent inputs compound"", ""Genetics decide everything"", ""Sleep is optional""], ""question"": ""Which statement is closest to the lesson?"", ""is_applied"": false, ""correct_index"": 1}, {""options"": [""Buy supplements"", ""Announce a big change"", ""Set one specific if-then plan"", ""Wait for motivation""], ""question"": ""What's a valid first action?"", ""is_applied"": false, ""correct_index"": 2}, {""options"": [""True"", ""False""], ""question"": ""This is medical advice."", ""is_applied"": false, ""correct_index"": 1}, {""options"": [""Never"", ""Only if bleeding"", ""When symptoms persist or worsen"", ""Only over 65""], ""question"": ""When should you talk to a clinician?"", ""is_applied"": true, ""correct_index"": 2}, {""options"": [""Nothing"", ""One specific action tied to a cue"", ""Read more articles"", ""Ask twitter""], ""question"": ""Applied: what will you actually do this week?"", ""is_applied"": true, ""correct_index"": 1}]",40,12,2026-07-26 00:40:21.288244+00,brain_health
ba7b6e15-013b-4170-813c-ab220e6cdd91,Vision & near-work,"Every 20 minutes, look 20 feet away for 20 seconds. Prevents accommodative fatigue and headaches.",memory,1,"[{""body"": ""Every 20 minutes, look 20 feet away for 20 seconds. Prevents accommodative fatigue and headaches."", ""type"": ""content"", ""title"": ""Concept""}, {""body"": ""This connects directly to your Brain Health report — check which pillar it sits under."", ""type"": ""content"", ""title"": ""Why it matters""}, {""body"": ""Pick one specific action. Write when and where you'll do it. That's the whole trick."", ""type"": ""content"", ""title"": ""Try It This Week""}, {""body"": ""How did your body respond? Notice. That's the data."", ""type"": ""content"", ""title"": ""Reflect""}]","[{""options"": [""Willpower is enough"", ""Small consistent inputs compound"", ""Genetics decide everything"", ""Sleep is optional""], ""question"": ""Which statement is closest to the lesson?"", ""is_applied"": false, ""correct_index"": 1}, {""options"": [""Buy supplements"", ""Announce a big change"", ""Set one specific if-then plan"", ""Wait for motivation""], ""question"": ""What's a valid first action?"", ""is_applied"": false, ""correct_index"": 2}, {""options"": [""True"", ""False""], ""question"": ""This is medical advice."", ""is_applied"": false, ""correct_index"": 1}, {""options"": [""Never"", ""Only if bleeding"", ""When symptoms persist or worsen"", ""Only over 65""], ""question"": ""When should you talk to a clinician?"", ""is_applied"": true, ""correct_index"": 2}, {""options"": [""Nothing"", ""One specific action tied to a cue"", ""Read more articles"", ""Ask twitter""], ""question"": ""Applied: what will you actually do this week?"", ""is_applied"": true, ""correct_index"": 1}]",40,13,2026-07-26 00:40:21.288244+00,brain_health
3c28ab0a-795e-4b8e-81b1-15a77b37e112,Loneliness risk,Chronic loneliness is a stronger cognitive risk than mild hypertension. Weekly deep contact matters.,memory,2,"[{""body"": ""Chronic loneliness is a stronger cognitive risk than mild hypertension. Weekly deep contact matters."", ""type"": ""content"", ""title"": ""Concept""}, {""body"": ""This connects directly to your Brain Health report — check which pillar it sits under."", ""type"": ""content"", ""title"": ""Why it matters""}, {""body"": ""Pick one specific action. Write when and where you'll do it. That's the whole trick."", ""type"": ""content"", ""title"": ""Try It This Week""}, {""body"": ""How did your body respond? Notice. That's the data."", ""type"": ""content"", ""title"": ""Reflect""}]","[{""options"": [""Willpower is enough"", ""Small consistent inputs compound"", ""Genetics decide everything"", ""Sleep is optional""], ""question"": ""Which statement is closest to the lesson?"", ""is_applied"": false, ""correct_index"": 1}, {""options"": [""Buy supplements"", ""Announce a big change"", ""Set one specific if-then plan"", ""Wait for motivation""], ""question"": ""What's a valid first action?"", ""is_applied"": false, ""correct_index"": 2}, {""options"": [""True"", ""False""], ""question"": ""This is medical advice."", ""is_applied"": false, ""correct_index"": 1}, {""options"": [""Never"", ""Only if bleeding"", ""When symptoms persist or worsen"", ""Only over 65""], ""question"": ""When should you talk to a clinician?"", ""is_applied"": true, ""correct_index"": 2}, {""options"": [""Nothing"", ""One specific action tied to a cue"", ""Read more articles"", ""Ask twitter""], ""question"": ""Applied: what will you actually do this week?"", ""is_applied"": true, ""correct_index"": 1}]",40,14,2026-07-26 00:40:21.288244+00,brain_health
71e074ca-d364-40c0-af04-69f0463d5bc5,Weak-tie hygiene,Say hi to five people you don't know well each week. Weak ties are the single biggest predictor of new opportunities.,memory,1,"[{""body"": ""Say hi to five people you don't know well each week. Weak ties are the single biggest predictor of new opportunities."", ""type"": ""content"", ""title"": ""Concept""}, {""body"": ""This connects directly to your Brain Health report — check which pillar it sits under."", ""type"": ""content"", ""title"": ""Why it matters""}, {""body"": ""Pick one specific action. Write when and where you'll do it. That's the whole trick."", ""type"": ""content"", ""title"": ""Try It This Week""}, {""body"": ""How did your body respond? Notice. That's the data."", ""type"": ""content"", ""title"": ""Reflect""}]","[{""options"": [""Willpower is enough"", ""Small consistent inputs compound"", ""Genetics decide everything"", ""Sleep is optional""], ""question"": ""Which statement is closest to the lesson?"", ""is_applied"": false, ""correct_index"": 1}, {""options"": [""Buy supplements"", ""Announce a big change"", ""Set one specific if-then plan"", ""Wait for motivation""], ""question"": ""What's a valid first action?"", ""is_applied"": false, ""correct_index"": 2}, {""options"": [""True"", ""False""], ""question"": ""This is medical advice."", ""is_applied"": false, ""correct_index"": 1}, {""options"": [""Never"", ""Only if bleeding"", ""When symptoms persist or worsen"", ""Only over 65""], ""question"": ""When should you talk to a clinician?"", ""is_applied"": true, ""correct_index"": 2}, {""options"": [""Nothing"", ""One specific action tied to a cue"", ""Read more articles"", ""Ask twitter""], ""question"": ""Applied: what will you actually do this week?"", ""is_applied"": true, ""correct_index"": 1}]",40,15,2026-07-26 00:40:21.288244+00,brain_health
51947df1-2c79-4216-b3c7-a795119484b3,Novelty and reserve,"New skills build spare brain capacity. It doesn't matter which — dance, chess, language, cooking.",memory,2,"[{""body"": ""New skills build spare brain capacity. It doesn't matter which — dance, chess, language, cooking."", ""type"": ""content"", ""title"": ""Concept""}, {""body"": ""This connects directly to your Brain Health report — check which pillar it sits under."", ""type"": ""content"", ""title"": ""Why it matters""}, {""body"": ""Pick one specific action. Write when and where you'll do it. That's the whole trick."", ""type"": ""content"", ""title"": ""Try It This Week""}, {""body"": ""How did your body respond? Notice. That's the data."", ""type"": ""content"", ""title"": ""Reflect""}]","[{""options"": [""Willpower is enough"", ""Small consistent inputs compound"", ""Genetics decide everything"", ""Sleep is optional""], ""question"": ""Which statement is closest to the lesson?"", ""is_applied"": false, ""correct_index"": 1}, {""options"": [""Buy supplements"", ""Announce a big change"", ""Set one specific if-then plan"", ""Wait for motivation""], ""question"": ""What's a valid first action?"", ""is_applied"": false, ""correct_index"": 2}, {""options"": [""True"", ""False""], ""question"": ""This is medical advice."", ""is_applied"": false, ""correct_index"": 1}, {""options"": [""Never"", ""Only if bleeding"", ""When symptoms persist or worsen"", ""Only over 65""], ""question"": ""When should you talk to a clinician?"", ""is_applied"": true, ""correct_index"": 2}, {""options"": [""Nothing"", ""One specific action tied to a cue"", ""Read more articles"", ""Ask twitter""], ""question"": ""Applied: what will you actually do this week?"", ""is_applied"": true, ""correct_index"": 1}]",40,16,2026-07-26 00:40:21.288244+00,brain_health
11675645-4acc-4df8-ad33-f27f70a04db9,Learn a language,Bilingualism delays dementia onset by ~4 years on average. Duolingo counts.,memory,3,"[{""body"": ""Bilingualism delays dementia onset by ~4 years on average. Duolingo counts."", ""type"": ""content"", ""title"": ""Concept""}, {""body"": ""This connects directly to your Brain Health report — check which pillar it sits under."", ""type"": ""content"", ""title"": ""Why it matters""}, {""body"": ""Pick one specific action. Write when and where you'll do it. That's the whole trick."", ""type"": ""content"", ""title"": ""Try It This Week""}, {""body"": ""How did your body respond? Notice. That's the data."", ""type"": ""content"", ""title"": ""Reflect""}]","[{""options"": [""Willpower is enough"", ""Small consistent inputs compound"", ""Genetics decide everything"", ""Sleep is optional""], ""question"": ""Which statement is closest to the lesson?"", ""is_applied"": false, ""correct_index"": 1}, {""options"": [""Buy supplements"", ""Announce a big change"", ""Set one specific if-then plan"", ""Wait for motivation""], ""question"": ""What's a valid first action?"", ""is_applied"": false, ""correct_index"": 2}, {""options"": [""True"", ""False""], ""question"": ""This is medical advice."", ""is_applied"": false, ""correct_index"": 1}, {""options"": [""Never"", ""Only if bleeding"", ""When symptoms persist or worsen"", ""Only over 65""], ""question"": ""When should you talk to a clinician?"", ""is_applied"": true, ""correct_index"": 2}, {""options"": [""Nothing"", ""One specific action tied to a cue"", ""Read more articles"", ""Ask twitter""], ""question"": ""Applied: what will you actually do this week?"", ""is_applied"": true, ""correct_index"": 1}]",40,17,2026-07-26 00:40:21.288244+00,brain_health
25de5d58-f017-4ae4-8708-0ec2eade36f5,Complex hobbies,"Chess, music, and complex crafts build reserve better than simple hobbies. Complexity is the ingredient.",memory,3,"[{""body"": ""Chess, music, and complex crafts build reserve better than simple hobbies. Complexity is the ingredient."", ""type"": ""content"", ""title"": ""Concept""}, {""body"": ""This connects directly to your Brain Health report — check which pillar it sits under."", ""type"": ""content"", ""title"": ""Why it matters""}, {""body"": ""Pick one specific action. Write when and where you'll do it. That's the whole trick."", ""type"": ""content"", ""title"": ""Try It This Week""}, {""body"": ""How did your body respond? Notice. That's the data."", ""type"": ""content"", ""title"": ""Reflect""}]","[{""options"": [""Willpower is enough"", ""Small consistent inputs compound"", ""Genetics decide everything"", ""Sleep is optional""], ""question"": ""Which statement is closest to the lesson?"", ""is_applied"": false, ""correct_index"": 1}, {""options"": [""Buy supplements"", ""Announce a big change"", ""Set one specific if-then plan"", ""Wait for motivation""], ""question"": ""What's a valid first action?"", ""is_applied"": false, ""correct_index"": 2}, {""options"": [""True"", ""False""], ""question"": ""This is medical advice."", ""is_applied"": false, ""correct_index"": 1}, {""options"": [""Never"", ""Only if bleeding"", ""When symptoms persist or worsen"", ""Only over 65""], ""question"": ""When should you talk to a clinician?"", ""is_applied"": true, ""correct_index"": 2}, {""options"": [""Nothing"", ""One specific action tied to a cue"", ""Read more articles"", ""Ask twitter""], ""question"": ""Applied: what will you actually do this week?"", ""is_applied"": true, ""correct_index"": 1}]",40,18,2026-07-26 00:40:21.288244+00,brain_health
0d48d89d-77bb-42ad-8c50-92cd6206222a,Purpose & cognition,People with a clear 'why' show slower cognitive decline. It doesn't have to be big. It has to be yours.,memory,3,"[{""body"": ""People with a clear 'why' show slower cognitive decline. It doesn't have to be big. It has to be yours."", ""type"": ""content"", ""title"": ""Concept""}, {""body"": ""This connects directly to your Brain Health report — check which pillar it sits under."", ""type"": ""content"", ""title"": ""Why it matters""}, {""body"": ""Pick one specific action. Write when and where you'll do it. That's the whole trick."", ""type"": ""content"", ""title"": ""Try It This Week""}, {""body"": ""How did your body respond? Notice. That's the data."", ""type"": ""content"", ""title"": ""Reflect""}]","[{""options"": [""Willpower is enough"", ""Small consistent inputs compound"", ""Genetics decide everything"", ""Sleep is optional""], ""question"": ""Which statement is closest to the lesson?"", ""is_applied"": false, ""correct_index"": 1}, {""options"": [""Buy supplements"", ""Announce a big change"", ""Set one specific if-then plan"", ""Wait for motivation""], ""question"": ""What's a valid first action?"", ""is_applied"": false, ""correct_index"": 2}, {""options"": [""True"", ""False""], ""question"": ""This is medical advice."", ""is_applied"": false, ""correct_index"": 1}, {""options"": [""Never"", ""Only if bleeding"", ""When symptoms persist or worsen"", ""Only over 65""], ""question"": ""When should you talk to a clinician?"", ""is_applied"": true, ""correct_index"": 2}, {""options"": [""Nothing"", ""One specific action tied to a cue"", ""Read more articles"", ""Ask twitter""], ""question"": ""Applied: what will you actually do this week?"", ""is_applied"": true, ""correct_index"": 1}]",40,19,2026-07-26 00:40:21.288244+00,brain_health
